	title	subtitle	level	links
0	Couverture contre l'inflation	1. Les monnaies fiat sont fondantes	Niveau 1	"{'Bitcoin Magazine (2023). Cash is trash. Bitcoin fixes this!': 'https://twitter.com/BitcoinMagazine/status/1657758736801312769', ""Tuur Demeester (2023). The Yen is now so light it doesn't even break water tension."": 'https://twitter.com/TuurDemeester/status/933538827351797760', 'Saurel (2023). How the current debt based system enslaves you': 'https://btctouchpoint.com/wp-content/uploads/2023/05/How-the-current-debt-based-system-enslaves-you.jpg', 'Michael Saylor (2023). When the energy is removed from the money, all that remains is garbage.': 'https://twitter.com/saylor/status/1613970763379245058', 'Kal Kassa (2023). Thomas Sowell on inflation...': 'https://twitter.com/KalKassa/status/1656056710602039297', ""Strolight (2020). 9. Pourquoi Bitcoin est La Voie pour sauver l'argent"": 'https://btctouchpoint.com/fr/pourquoi-bitcoin-9-pourquoi-bitcoin-est-la-voie-pour-epargner-de-largent/', ""Tomer Strolight (2020). 14. Pourquoi Bitcoin mettra fin au plus grand hold-up de l'histoire ?"": 'https://btctouchpoint.com/fr/pourquoi-bitcoin-14-pourquoi-bitcoin-mettra-fin-au-plus-grand-hold-up-de-lhistoire/', ""Gigi (2018). Leçon #9 - L'inflation dans 21 Leçons"": 'https://btctouchpoint.com/fr/21-lecons-2eme-partie/', ""Découvre Bitcoin (2022). L'hyperinflation"": 'https://www.youtube.com/watch?v=cYKmgflsy_8'}"
1	Couverture contre l'inflation	1. Les monnaies fiat sont fondantes	Niveau 2	"{""Alexandre Stachtchenko (2015). Structurellement, si tout se passe bien, alors le système tend vers l'inflation, un vol de temps dans Nos libertés sont attaquées et tout le monde s'en fout !"": 'https://youtu.be/cwqJOl3yan8', 'Breedlove (2023). The hard truth about fiat currency from the author of one of the most important books ever written—The Creature from Jekyll Island.': 'https://twitter.com/Breedlove22/status/1638737716044271616?s=20'}"
2	Couverture contre l'inflation	2. L'inflation est de retour	Niveau 1	"{""BTC TouchPoint (2023). Déguiser l'inflation - Anil"": 'https://twitter.com/Jacques_BTC/status/1632709498715488262', 'P. Herlin (2023). Le poids des dépenses contraintes des Français bondit': 'https://twitter.com/philippeherlin/status/1657795499783536641', 'Loren Boston (2023). How will the EU finance these war expenses?? Taxes? I think not. They will borrow and print...': 'https://twitter.com/LorenBoston/status/1653921699056832512'}"
3	Couverture contre l'inflation	2. L'inflation est de retour	Niveau 2	"{'Philippe Herlin (2023). Inflation, Dette, Déficits et Banques, la France va Droit dans le Mur ! Putsch Media': 'https://www.youtube.com/watch?v=6lus9c2S5HE&t=546s', 'Luke Gromen (2023). The coming productivity boom will cause a huge global deflationary wage shock': 'https://twitter.com/LukeGromen/status/1654839792134156291', ""Marty Bent (2023).\xa0 A reminder that shrinkflation isn't included in the CPI."": 'https://tftc.io/martys-bent/issue-1327-shrinkflation-is-not-included-in-cpi-data/?ref=martys-bent-newsletter', 'Preston Pysh (2023). Why are we seeing inflation?': 'https://twitter.com/PrestonPysh/status/1646888369463361536', 'Tuur Demeester (2023). 33 years ago, Murray Rothbard predicted today\'s problems with the EU\'s bureaucracy and ECB\'s ""inflationary cartel"".': 'https://twitter.com/TuurDemeester/status/1641191497742647297?s=20', 'Jeff Booth (2023). Why Deflation is the Key to Abundance. What Bitcoin Did': 'https://www.youtube.com/watch?v=G2vAm2hfW9U'}"
4	Couverture contre l'inflation	3. Bitcoin pour conserver la valeur	Niveau 1	"{""Anil (2021). Couverture contre l'inflation. Cas d'usage"": 'https://btctouchpoint.com/wp-content/uploads/2023/05/Anil-Cas-dusage-Couverture-contre-linflation.png', 'Anil (2023). Save your savings. Save in sats.': 'https://twitter.com/anilsaidso/status/1656049972322930689', 'Anil (2022). Bitcoin’s supply is unaffected by fluctuations in the amount of energy employed in its production.': 'https://twitter.com/anilsaidso/status/1582795811150520320', 'Croesus (2021). Dollars, gold, Bitcoin - which is the best for storing your hard earned money?': 'https://twitter.com/Croesus_BTC/status/1327685971685478400', ""Création plan d'épargne BTC - 50€/mois, tuto avec une débutante ADB"": 'https://www.youtube.com/watch?v=mpT3kJDfRVw&list=PLinTFKehfR4wGzSb41gAaFFImT9c_hrJV&index=21', 'Pourquoi épargner en bitcoin ? Bitstack': 'https://www.bitstack-app.com/blog/pourquoi-epargner-bitcoin', ""Butanuki (2023). Fumeur ? Si vous mettiez de côté la même somme pour votre futur? Pas en cash car l'inflation le fera fondre + vite qu'elle ne grandira!"": 'https://savings.butanuki.com/savings?since=2019-03-31', 'Paul Tudor Jones (2023). Legendary investor : Bitcoin\xa0""is the only thing that humans can\'t adjust the supply""': 'https://twitter.com/BitcoinMagazine/status/1658141146009284612', 'Bernstein Wealth Management (2023). Bitcoin outperforms Gold when there is massive monetary debasement': 'https://twitter.com/BTC_Archive/status/1645758152338558984'}"
5	Couverture contre l'inflation	3. Bitcoin pour conserver la valeur	Niveau 2	"{'J. Booth (2023). Prices will keep falling against bitcoin forever. Bitcoin Matrix': 'https://twitter.com/CedYoungelman/status/1612934016113467392', 'Michael Saylor \xa0(2022). ""The whole point of #bitcoin is to escape the inflation vortex that has consumed all these previous empires.” - Tucker Carlson': 'https://twitter.com/saylor/status/1650578219723022380', 'Entropy Dynamix (2022). 22M millionaires in America alone and there will only ever be 21M Bitcoin': 'https://twitter.com/EntropyDynamix/status/1649185272473550849', 'Mark Harvey (2022). The world is severely short Bitcoin': 'https://twitter.com/thepowerfulHRV/status/1649177224149606406'}"
6	Couverture contre l'inflation	3. Bitcoin pour conserver la valeur	Niveau 3	"{'Gigi (2023). Bitcoins Are Not Mined, They Are Issued over Time': 'https://dergigi.com/2023/04/12/bitcoins-are-not-mined-they-are-issued-over-time/', ""Jameson Lopp (2022). Securing bitcoin's scarcity: Fighting fake bitcoin"": 'https://blog.keys.casa/securing-bitcoins-scarcity/'}"
7	Protection du patrimoine	1. Des craintes légitimes	Niveau 1	"{""Brian Roemmele (2023). “Half in U.S. Worry About Their Money's Safety in Banks [...] Worse than any period in U.S. history”"": 'https://twitter.com/BrianRoemmele/status/1654117628972269568'}"
8	Protection du patrimoine	1. Des craintes légitimes	Niveau 2	{'L. A. Wankum (2023). The risk of property confiscation (and how Bitcon helps)': 'https://twitter.com/leonamschel/status/1645766894027145220?s=20', 'Marty Bent (2023). This feels like the endgame': 'https://tftc.io/martys-bent/issue-1340/'}
9	Protection du patrimoine	2.  Transmettre son patrimoine	Niveau 1	"{""Anil (2021). Protection du patrimoine. Cas d'usage"": 'https://btctouchpoint.com/wp-content/uploads/2023/05/Anil-Cas-dusage-Protection-du-patrimoine.png', ""Anil (2021). Réserve de valeur liquide. Cas d'usage"": 'https://btctouchpoint.com/wp-content/uploads/2023/05/Anil-Cas-dusage-Reserve-de-valeur-liquide.png', 'Croesus (2021). Much of the value stored in these buckets will flow into BTC': 'https://twitter.com/Croesus_BTC/status/1357860928511827968', 'Croesus (2021). Appreciation over time: Bitcoin vs. asset classes': 'https://twitter.com/Croesus_BTC/status/1343995433433980928', 'Michael Saylor (2023). The magic of Bitcoin is [...] transferring money to someone 10,000 days away."" The Bitcoin Matrix': 'https://twitter.com/CedYoungelman/status/1612934022883147777'}"
10	Option d'achat sur un nouveau système	1. Détenir une partie du protocole	Niveau 1	"{""Anil (2021). Option d'achat sur un nouveau système. Cas d'usage"": 'https://btctouchpoint.com/wp-content/uploads/2023/05/Anil-Cas-dusage-Option-dachat-sur-un-nouveau-systeme.png', ""Croesus (2021). With Bitcoin, it's possible to take an ownership stake in the entire Internet of Value."": 'https://twitter.com/Croesus_BTC/status/1367165017280237569'}"
11	Transactions résistantes à la censure	Vers une société de  surveillance ?	Niveau 1	"{'Y. de Mombynes (2023). Les MNBC : de potentiels instruments totalitaires': 'https://twitter.com/ydemombynes/status/1648028944627560452', 'BIS Agustin Carstens (2023). The central banks will have absolute control...': 'https://twitter.com/HODL1966/status/1647531126146187265', 'WEF\'s Schwab (2023).""If you have nothing to hide, you shouldn\'t be afraid""': 'https://twitter.com/wideawake_media/status/1657353571212443649', 'Camélia Cam’s (2023). En 1982, on parlait déjà du crédit social et de manipulation climatique dans « Il était une fois l’homme »': 'https://twitter.com/CameliaCams/status/1661691664270864389', 'Bitcoin Archive (2023). Your account could be frozen cuz of your politics.': 'https://twitter.com/BTC_Archive/status/1655874701321814018', 'S. Saurel (2023). We have Gold because we cannot trust Gov. - H. Hoover': 'https://twitter.com/ssaurel/status/1655846013679157252', 'Vlad (2023). Argentina Bans Payment Apps From Offering BTC to Customers': 'https://twitter.com/TheVladCostea/status/1654647230643544065', 'Robert F. Kennedy Jr (2023). The financial censorship of political enemies is something we’re used to seeing under authoritarian regimes.  CBDCs are the ultimate mechanisms for social surveillance and control': 'https://twitter.com/RobertKennedyJr/status/1654303142966706176', 'Bitcoin Archive (2023). UK government to give tax authorities power to seize your Bitcoin from online wallets on exchanges.': 'https://twitter.com/BTC_Archive/status/1656239630612590593', 'A. Stachtchenko (2023). On ne peut pas suspendre le cours de Bitcoin. BFM': 'https://twitter.com/bfmbusiness/status/1651979060971466752', 'Gov. de Santis (2023). ""If they ever get away with implementing a CBDC they will impose social credit scores and ESG on top of that.""': 'https://twitter.com/RadarHits/status/1654099729490345984'}"
12	Transactions résistantes à la censure	Vers une société de  surveillance ?	"WEF's Schwab (2023).""If you have nothing to hide, you shouldn't be afraid"""	{'Marty Bent (2023). This feels like the endgame': 'https://tftc.io/martys-bent/issue-1340/'}
13	Transactions résistantes à la censure	Weaponizing money	Niveau 1	"{'Elon Musk (2023). ""Weaponizing currency repeatedly will lead other countries to stop using it."" Radar': 'https://twitter.com/RadarHits/status/1650756923698868225'}"
14	Transactions résistantes à la censure	Weaponizing money	"Elon Musk (2023). ""Weaponizing currency repeatedly will lead other countries to stop using it."" Radar"	"{""Alexandre Stachtchenko (2023). Nos libertés sont attaquées et tout le monde s'en f***. GAC"": 'https://www.youtube.com/watch?v=cwqJOl3yan8'}"
15	Transactions résistantes à la censure	Moyen de  paiement résistant à la censure	Niveau 1	"{""Anil (2021). Transactions résistantes à la censure. Cas d'usage"": 'https://btctouchpoint.com/wp-content/uploads/2023/05/Anil-Cas-dusage-Transactions-resistantes-a-la-censure.png'}"
16	Transactions résistantes à la censure	Moyen de  paiement résistant à la censure	Niveau 2	"{'Robert F Kennedy Jr\xa0 (2022). Keynote - Bitcoin 2023. BM': 'https://www.youtube.com/watch?v=fz7FPl065II', 'M. Ahlborg (2023). Analysis of the popularity of payment methods over time.': 'https://twitter.com/MattAhlborg/status/1647966698845208576', 'Adam Mashirque (2023). Many people are working on Bitcoin payment resilience in worst case scenarios.': 'https://twitter.com/sakak_musdom/status/1653028645970247682', ""Colin Harper (2020). The long and winding story of Silk Road, Bitcoin's earliest major application. BM"": 'https://bitcoinmagazine.com/culture/the-long-and-winding-story-of-silk-road-bitcoins-earliest-major-application'}"
17	Transactions résistantes à la censure	Moyen de  paiement résistant à la censure	Niveau 3	"{'Badders Niacinshill (2023). Did you read ""What is the Global Public-Private-Partnership': 'https://twitter.com/Hodlerthanthou2/status/1657082777039167514'}"
18	Transferts de fonds et échange de devises	Rails de paiement	Niveau 1	"{""Anil (2021). Règlement de montants élevés. Cas d'usage"": 'https://btctouchpoint.com/wp-content/uploads/2023/05/Anil-Cas-dusage-Reglement-de-montants-eleves.png', ""Anil (2021). Transferts de fonds & Forex. Cas d'usage"": 'https://btctouchpoint.com/wp-content/uploads/2023/05/Anil-Cas-dusage-Transferts-de-fonds-Forex.png', 'Cross-border Remittance: Bridging the Financial Divide in Lightning Network in Action: Real-World Use Cases and Applications. Apollo': 'https://learn.heyapollo.com/blog/lightning-network-in-action-real-world-use-cases-and-applications', '60 minutes (2021). How the Strike app helped Salvadorans send bitcoin': 'https://www.youtube.com/watch?v=Hlj-QQgbW90'}"
19	Transferts de fonds et échange de devises	Rails de paiement	Cross-border Remittance: Bridging the Financial Divide in Lightning Network in Action: Real-World Use Cases and Applications. Apollo	"{""L'Afrique parle Bitcoin (2023). Thread sur la remittance (envoi de fonds) en Afrique"": 'https://twitter.com/Afrique_Bitcoin/status/1669715369039212547', 'Jack Mallers (2022). Payment Demo: Strike CEO - Bitcoin 2022 Conference. Bitcoin Magazine': 'https://www.youtube.com/watch?v=YTqCs6RY9O4', 'BTC Sessions (2022). Strike - Send Payments To Anyone In The World For Free (Full Tutorial)': 'https://www.youtube.com/watch?v=4-vJ7zZQ4wU'}"
20	Transferts de fonds et échange de devises	Faire des paiements importants en bitcoin	Niveau 1	{'BJDichter (2023). The state of Florida now allows for real estate transactions to be processed using Bitcoin': 'https://twitter.com/BJdichter/status/1657823950234177540'}
21	Value4Value, Micropaiements, etc.	Micro-paiements	Niveau 1	"{""Anil (2021). Micropaiements. Cas d'usage"": 'https://btctouchpoint.com/wp-content/uploads/2023/05/Anil-Cas-dusage-Micropaiements.png', 'Micropayments: Small Transactions, Big Impact in Lightning Network in Action: Real-World Use Cases and Applications. Apollo': 'https://learn.heyapollo.com/blog/lightning-network-in-action-real-world-use-cases-and-applications'}"
22	Value4Value, Micropaiements, etc.	Micro-paiements	Niveau 2	{'Aantonop (2017). Bitcoin Q&A: Microfinance & Streaming Money': 'https://www.youtube.com/watch?v=xs6hUcfuX9w&list=PLPQwGV1aLnTurL4wU_y3jOhBi9rrpsYyi&index=44'}
23	Value4Value, Micropaiements, etc.	Modèle Value 4 Value	Niveau 2	{'The Fountain Guide to Value for Value': 'https://fountain.fm/podcaster-guide', 'A New Way to Think about Value. Value4Value': 'https://value4value.info/', 'Adam Curry (2022).How to receive Bitcoin in real-time for your podcast': 'http://adam.curry.com/html/HowtoreceiveBitcoini-BrxM2PDPNJ7Zzbz7G28xk4H0D658fH.html'}
24	Value4Value, Micropaiements, etc.	Cyber-security network	Niveau 1	{'Michael Saylor (2023). Bitcoin as the ultimate cybersecurity and cybertruth network. N. Brunell': 'https://twitter.com/natbrunell/status/1655589154623823873'}
25	Value4Value, Micropaiements, etc.	Cyber-security network	Michael Saylor (2023). Bitcoin as the ultimate cybersecurity and cybertruth network. N. Brunell	{'Michael Saylor (2023). Bitcoin as a Cybersecurity Solution in Why Bitcoin is for Everyone. Apollo': 'https://learn.heyapollo.com/blog/michael-saylor-why-bitcoin-is-for-everyone'}
26	Value4Value, Micropaiements, etc.	Autres cas d'usage	Niveau 2	{'Tiping, Donation, IoT, Retail, Gaming, DeFi in Lightning Network in Action: Real-World Use Cases and Applications. Apollo': 'https://learn.heyapollo.com/blog/lightning-network-in-action-real-world-use-cases-and-applications'}
27	Progresser pas-à-pas	Conseils pour séquencer son apprentissage	Niveau 1	"{'Bitcoin Magazine (2023). Be your own Bank"" Bitcoin truck spotted outside the recently failed First Republic Bank': 'https://twitter.com/BitcoinMagazine/status/1653186356284207107', 'Conseil N°1: Fais un plan avant de te lancer dans Bitcoin. ADB': 'https://www.youtube.com/watch?v=_Gy5po9sTtw&list=PLinTFKehfR4wGzSb41gAaFFImT9c_hrJV&index=1', 'Cours LvL 0.3: Conseils pour débuter en Bitcoin. ADB': 'https://www.youtube.com/watch?v=juMUJ3MWeZY&list=PLinTFKehfR4wGzSb41gAaFFImT9c_hrJV&index=4', 'BTC Sessions (2021). New to Bitcoin? Top 5 Tips When Getting Started': 'https://www.youtube.com/watch?v=V-H4mBYJf7E&list=PLxdf8G0kzsUWe-rG0X6LDJAMXL7761B42&index=2'}"
28	Progresser pas-à-pas	Conseils pour séquencer son apprentissage	Niveau 2	{'Stephen Hall (2023).6 stages of personal bitcoin adoption': 'https://unchained.com/blog/six-stages-bitcoin-adoption/', 'Darthcoin (2023). The 5 stages to become a real Bitcoiner': 'https://darthcoin.substack.com/p/5-stages-became-bitcoiner'}
29	Acheter du BTC	1. Vue d'ensemble	Niveau 1	"{'Où et comment acheter des Bitcoins en 2021. ADB': 'https://www.youtube.com/watch?v=0dWf_iteNEk&list=PLinTFKehfR4wGzSb41gAaFFImT9c_hrJV&index=19', 'Choose Bitcoin (2022). Les Meilleurs sites sur lesquels Acheter du Bitcoin ?': 'https://choose-bitcoin.com/fr/annuaire-ou-acheter-du-bitcoin/', 'Stevenot et Hall (2023). The different ways to buy bitcoin compared: Exchanges, P2P, ATMs, and more Unchained Capital': 'https://unchained.com/blog/ways-to-buy-bitcoin/', 'Stratégie Bitcoin : Buy the dip! en ""bull market"" (marché haussier). ADB': 'https://www.youtube.com/watch?v=YLyKHG-rAhY&list=PLinTFKehfR4wGzSb41gAaFFImT9c_hrJV&index=22'}"
30	Acheter du BTC	1. Vue d'ensemble	Niveau 2	{'Comment acheter des bitcoins sans se faire arnaquer. Bitcoin.fr': 'https://bitcoin.fr/comment-acheter-des-bitcoins-sans-se-faire-arnaquer/', 'Jessy Gilger (2023). 6 strategies for dealing with bitcoin volatility Unchained Capital': 'https://unchained.com/blog/6-strategies-for-dealing-with-bitcoin-volatility/'}
31	Acheter du BTC	2.  DCA: choisir une fréquence d'achat	Niveau 1	"{'Stratégie Bitcoin - Acheter 10 € par semaine ?! ADB': 'https://www.youtube.com/watch?v=YkvyUrOxI9Y&list=PLinTFKehfR4wGzSb41gAaFFImT9c_hrJV&index=20', ""Création plan d'épargne BTC- 50€/mois, tuto avec une débutante. ADB"": 'https://www.youtube.com/watch?v=mpT3kJDfRVw&list=PLinTFKehfR4wGzSb41gAaFFImT9c_hrJV&index=21', ""Butaniki : L'épargne Bitcoin facile"": 'https://butanuki.com/'}"
32	Acheter du BTC	2.  DCA: choisir une fréquence d'achat	Niveau 2	{'Stevenot (2023). What is dollar-cost averaging (DCA) and why is it popular in bitcoin? Unchained Capital': 'https://unchained.com/blog/dca-bitcoin/', 'Stevenot (2023). How to establish a dollar-cost averaging (DCA) plan as a bitcoin saver. Unchained Capital': 'https://unchained.com/blog/bitcoin-dca-strategy/'}
33	Acheter du BTC	3. Acheter du BTC sur un exchange	Niveau 1	{'Comment acheter vos crypto-monnaies en quelques clics ? Paymium': 'https://www.youtube.com/watch?v=JVizZzRmJf8', 'Tutoriel Bitstamp complet - (Achat-Vente de bitcoin + retrait). ADB': 'https://www.youtube.com/watch?v=8g9aGQ53T_A&list=PLinTFKehfR4wGzSb41gAaFFImT9c_hrJV&index=23', 'ArmanTheParman - How To Buy Bitcoin from an exchange': 'https://armantheparman.com/howtobuybitcoin2/', 'M. Odell & Bitcoin Q&A (2022). Buying Bitcoin with KYC in Citadel Dispatch E43: bitcoin for beginners': 'https://www.youtube.com/watch?v=OxdgmDxOMRY&t=319s'}
34	Acheter du BTC	4. Solutions d'achat en pair-à-pair et achat en liquide	Niveau 1	{'Acheter ses premiers sats en se rendant à un Bitcoin meetup': 'https://btctouchpoint.com/fr/ressources/solutions-pratico-pratiques/#rencontrer', 'Winter Hodler (2023). Acheter du Bitcoin sans KYC au Canada avec Bull Bitcoin': 'https://agora256.com/acheter-du-bitcoin-sans-kyc-au-canada-avec-bull-bitcoin/'}
35	Acheter du BTC	4. Solutions d'achat en pair-à-pair et achat en liquide	Niveau 2	"{'Découvre Bitcoin (2023). BTC 205 - Solution achat en pair à pair. 10 vidéos tutos et analyse comparative des solutions': 'https://www.youtube.com/playlist?list=PLinTFKehfR4x6c2qMRgovr55lTJyWeU7K', ""KYCNOT.ME. Analyse comparative exhaustive des solutions d'achat P2P."": 'https://kycnot.me/', 'Tuto Bisq par JohnOnChain, Solution achat BTC sans KYC. ADB': 'https://www.youtube.com/watch?v=mvh55CYmLVw&list=PLinTFKehfR4wGzSb41gAaFFImT9c_hrJV&index=25', 'M. Odell & Bitcoin Q&A (2022). Buying Bitcoin with No-KYC in Citadel Dispatch E43: bitcoin for beginners': 'https://www.youtube.com/watch?v=OxdgmDxOMRY&t=819s'}"
36	Acheter du BTC	5. Trouver un distributeur, des cartes cadeaux	Niveau 1	"{""Azte.co - Cartes cadeaux Bitcoin/ Bons d'achat Bitcoin"": 'https://azte.co/#about', 'Carte mondiale de tous les commerces acceptant le bitcoin. BTCMap.org': 'https://btcmap.org/map', 'Badders Niacinshills (2023). Going down to my local Bitcoin ATM': 'https://twitter.com/Hodlerthanthou2/status/1668890607513632768?s=20', 'Bitcoin history (2023). Des cartes cadeaux Bitcoin disponible à la vente dans les bureaux de postes de Genève, en Suisse': 'https://twitter.com/MindsetCryptoFR/status/1659535402418536449'}"
37	Utiliser un wallet/ porte-clés	1. Wallet ? Portefeuille ?  Porte-clés ? Comment procéder ?	Niveau 1	"{'David St-Onge (2022). Clés, portefeuille et transactions - Doodling #5': 'https://www.youtube.com/watch?v=y-w4oDIEf2w', 'Choose Bitcoin (2021). Comment Sécuriser ses Bitcoins': 'https://choose-bitcoin.com/fr/securiser-ses-bitcoins/', ""Qu'est-ce qu'un portefeuille Bitcoin ? Cours LvL 3.1 - ADB"": 'https://www.youtube.com/watch?v=H8pXUrrLt50&list=PLinTFKehfR4wGzSb41gAaFFImT9c_hrJV&index=10', 'Quelle sécurité choisir pour vos Bitcoins ? Cours LvL 3.1 - ADB': 'https://www.youtube.com/watch?v=TRf4mMDanI8&list=PLinTFKehfR4wGzSb41gAaFFImT9c_hrJV&index=11', 'Mettre en place son portefeuille Bitcoin - Bitcoin 101 - ADB': 'https://www.youtube.com/watch?v=2MRRERHm7ZM&list=PLinTFKehfR4zX1E6s5ik1oSvQlQysUt6D&index=10', 'Tutoriels wallets/porte-clés - ADB': 'https://www.youtube.com/playlist?list=PLinTFKehfR4wGzSb41gAaFFImT9c_hrJV', 'How to stash sats: A compendium of wallets, devices, and services that have helped people all over the world safely store their sats. Stack Sats': 'https://www.stacksats.how/bitcoin-wallets?bitcoin-wallet-categories=hardware#filter', 'How to spend sats: A compendium of mobile wallets, that people all over the world are using to spend sats at the speed of light. Stack Sats': 'https://www.stacksats.how/lightning-wallets'}"
38	Utiliser un wallet/ porte-clés	1. Wallet ? Portefeuille ?  Porte-clés ? Comment procéder ?	Niveau 2	"{'Arman The Parman (2022). Conservation du Bitcoin - Système zéro-confiance': 'https://btctouchpoint.com/wp-content/uploads/2023/04/Conservation-du-Bitcoin-Le-systeme-Zero-confiance.pdf', 'FAQ sur les portefeuilles. Académie Découvre Bitcoin': 'https://academie.decouvrebitcoin.fr/lessons/faq-sur-les-portefeuilles/', 'Bitcoin Wallet Guide - Bitcoiner.Guide': 'https://bitcoiner.guide/wallet/', ""Loïc Morel (2023). Qu'est-ce que la phrase de récupération d'un portefeuille Bitcoin ? Bitstack"": 'https://www.bitstack-app.com/blog/qu-est-ce-que-la-phrase-de-recuperation-d-un-portefeuille-bitcoin-24-mots'}"
39	Utiliser un wallet/ porte-clés	2. Solutions hébergées/custodial   vs. conservation  autonome/self-custody	Niveau 1	{'Bitcoin Magazine (2022). Apprendre la conservation autonome - 5 conseils': 'https://btctouchpoint.com/wp-content/uploads/2023/04/Apprendre-la-conservation-autonome.pdf', 'BTC Sessions (2022). How To Self Custody Your Bitcoin': 'https://www.youtube.com/watch?v=z3n1uZrNvXo&list=PLxdf8G0kzsUWe-rG0X6LDJAMXL7761B42&index=14', 'Nick Neuman (2021). Proof of Keys: a critical test for Bitcoin. BM': 'https://bitcoinmagazine.com/industry-events/proof-of-keys-a-critical-test-for-bitcoin', 'M. Odell & Bitcoin Q&A (2022). Self-Custody your Bitcoin in Citadel Dispatch E43: bitcoin for beginners': 'https://www.youtube.com/watch?v=OxdgmDxOMRY&t=1576s', 'Loïc Morel (2023). Introduction à la conservation d’actifs numériques : comment sécuriser soi-même ses clés Bitcoin ? Bitstack': 'https://www.bitstack-app.com/blog/introduction-a-la-conservation-d-actifs-numeriques-comment-securiser-soi-meme-ses-cles-bitcoin', 'Quelle sécurité choisir pour vos Bitcoins ? - Cours LvL 3.1 - ADB': 'https://www.youtube.com/watch?v=TRf4mMDanI8&list=PLinTFKehfR4wGzSb41gAaFFImT9c_hrJV&index=11', 'Conseil N°2: Reprends le contrôle de tes Bitcoins - ADB': 'https://www.youtube.com/watch?v=R6Yutjp-JxM&list=PLinTFKehfR4wGzSb41gAaFFImT9c_hrJV&index=12'}
40	Utiliser un wallet/ porte-clés	2. Solutions hébergées/custodial   vs. conservation  autonome/self-custody	Loïc Morel (2023). Introduction à la conservation d’actifs numériques : comment sécuriser soi-même ses clés Bitcoin ? Bitstack	"{'Tuur Demeester (2022). Passage in the King James Bible, on the importance of bitcoin self custody': 'https://twitter.com/ChartsBtc/status/1599421354524442625', 'J. Burnett (2022). 2022 has been a self custody wake up call for many people.': 'https://twitter.com/IIICapital/status/1589991799975997447', 'Que sont les services ""custodial"" - ADB': 'https://www.youtube.com/watch?v=-MP2plIm17s&t=4s'}"
41	Utiliser un wallet/ porte-clés	3. Hot wallet / Portefeuille chaud	Niveau 1	{'Winter Hodler (2023). Les 6 meilleurs choix de portefeuilles Bitcoin sur mobile en 2023': 'https://agora256.com/6-meilleurs-portefeuilles-bitcoin-2023/', 'Hari Seldon (2023). BlueWallet : une introduction': 'https://agora256.com/bluewallet-une-introduction/', 'Tutoriel Portefeuille. ADB': 'https://academie.decouvrebitcoin.fr/lessons/4-tutoriel-portefeuille/', 'Tutoriel Blue Wallet. ADB': 'https://www.youtube.com/watch?v=UCAtFgkdJtM', 'Tutoriel Green Wallet. ADB': 'https://www.youtube.com/watch?v=lONbCS31am4', 'Tutoriel Electrum. ADB': 'https://academie.decouvrebitcoin.fr/topic/tutoriel-electrum-ordinateur/'}
42	Utiliser un wallet/ porte-clés	3. Hot wallet / Portefeuille chaud	Niveau 2	{'BTC Sessions (2022). Top 5 Bitcoin Desktop Wallets of 2022': 'https://www.youtube.com/watch?v=xtiGI-zb184&list=PLxdf8G0kzsUVzpmuXsCjtm3XWblNzdeEL&index=9', 'Tuto Samouraï Wallet. ADB': 'https://www.youtube.com/watch?v=kS6iC_ovarQ', 'ArmantheParman - Install Bitcoin Core and Sparrow Wallet': 'https://armantheparman.com/sparrow/', 'BTC Sessions (2022). Electrum Bitcoin Wallet - Versatile and Feature Rich': 'https://www.youtube.com/watch?v=E4EhZg5QslI&list=PLxdf8G0kzsUVzpmuXsCjtm3XWblNzdeEL&index=6', 'M. Odell & Bitcoin Q&A (2022). Software Wallets in Citadel Dispatch E43: bitcoin for beginners': 'https://www.youtube.com/watch?v=OxdgmDxOMRY&t=1771s', 'Sparrow - Bitcoiner.guide': 'https://bitcoiner.guide/sparrow/'}
43	Utiliser un wallet/ porte-clés	4. Cold wallet / Portefeuille froid/ physique	Niveau 1	{'Tuto Portefeuille Froid. Cours LvL 3.1. ADB': 'https://academie.decouvrebitcoin.fr/lessons/portefeuille-froid-hardwear-wallet-60e/', 'Arman The Parman (2022). Bitcoin Hardware Wallets Guide  and\xa0Hardware Wallets by Brand': 'https://armantheparman.com/using-hwws/', 'Bitcoin Wallet Recovery Sheet. Bitcoiner Guide': 'https://bitcoiner.guide/backup.pdf', 'Ledger ou Trezor ? ADB': 'https://www.youtube.com/watch?v=t350-HNuqHs', 'Tuto Trezor 1 : Mise en place. ADB': 'https://www.youtube.com/watch?v=WB5lWEaaJOE&t=1s', 'Tuto Trezor 2 :\xa0 Récupération des Bitcoins. ADB': 'https://www.youtube.com/watch?v=bwM0Xm_vSYM', 'Tuto Trezor 3 : Utilisation, envoi et réception de bitcoins. ADB': 'https://www.youtube.com/watch?v=ks-VHtsqjig&t=1s', 'Tuto Ledger Nano S + PassPhrase. ADB': 'https://www.youtube.com/watch?v=_vsHNTLi8MQ&t=1s', 'BitBox 02. ADB': 'https://www.youtube.com/watch?v=E2Px3qx7vYk'}
44	Utiliser un wallet/ porte-clés	4. Cold wallet / Portefeuille froid/ physique	Arman The Parman (2022). Bitcoin Hardware Wallets Guide  and Hardware Wallets by Brand	"{""Winter Hodler (2023). Création, sauvegarde et utilisation d'une clé privée Bitcoin avec un appareil Coldcard et Bitcoin Core"": 'https://agora256.com/creation-dune-cle-privee-bitcoin-avec-un-appareil-coldcard/', 'Stevenot et Hall (2023). What is a bitcoin hardware wallet, and what do they do? Unchaine Capital': 'https://unchained.com/blog/what-is-bitcoin-hardware-wallet/', 'Stephen Hall (2023). 8 reasons to use a bitcoin hardware wallet': 'https://unchained.com/blog/why-bitcoin-hardware-wallet/', 'M. Odell & Bitcoin Q&A (2022). Hardware Wallets in Citadel Dispatch E43: bitcoin for beginners': 'https://www.youtube.com/watch?v=OxdgmDxOMRY&t=2235s', 'Anil (2023). The Best Bitcoin Hardware Wallets. Unchained': 'https://unchained.com/blog/best-bitcoin-hardware-wallets/', 'Stephen Hall (2023). How to replace or upgrade a bitcoin hardware wallet. Unchained': 'https://unchained.com/blog/how-to-replace-upgrade-bitcoin-hardware-wallet/'}"
45	Utiliser un wallet/ porte-clés	4. Cold wallet / Portefeuille froid/ physique	Bitcoin Wallet Recovery Sheet. Bitcoiner Guide	"{'N. Cantu (2023). La mise en œuvre de ""Recover"" par Ledger et la nécessité sous-estimée de la compréhension': 'https://www.linkedin.com/pulse/ledger-recover-et-la-sous-estimation-du-besoin-de-nicolas-cantu-4nk-/', 'Unchained (2023). Bitcoin hardware wallets: What is a secure element?': 'https://unchained.com/blog/bitcoin-what-is-a-secure-element/'}"
46	Utiliser un wallet/ porte-clés	5. Bitcoin  Lightning  wallet	Niveau 1	"{'Asi0 (2022). Comparatif des Portefeuilles LN': 'https://asi0.substack.com/p/comparatif-des-portefeuilles-ln', 'Comment se lancer dans le Lightning Network ? - FAQ n°50 - DB': 'https://www.youtube.com/watch?v=qTHtPzuo_Ek&t=242s', 'Asi0 (2022). Débuter avec le réseau Lightning': 'https://asi0.substack.com/p/demarrer-avec-le-reseau-lightning', 'BTC Sessions (2023). Phoenix Wallet - Use Bitcoin Lightning Network In Minutesl': 'https://www.youtube.com/watch?v=cbtAmevYpdM', 'BTC Sessions (2022). Wallet Of Satoshi - Simple Bitcoin Lightning Wallet': 'https://www.youtube.com/watch?v=sXBwRO7ML7w&list=PLxdf8G0kzsUWcgEJLH9AHTN3KQzoN2HTs&index=2', ""Winter Hodler (2023). Muun Wallet - Guide d'utilisation complet"": 'https://agora256.com/muun-wallet-guide-dutilisation-complet/', 'BTC Sessions (2021). ALBY - Bitcoin Lightning Payments In Your Browser': 'https://www.youtube.com/watch?v=nd5fX2vHuDw&list=PLxdf8G0kzsUWcgEJLH9AHTN3KQzoN2HTs&index=5', 'Wallets extension de navigateur:\xa0\xa0Alby  et Zebedee': 'https://getalby.com/', 'BTC Sessions (2021). Muun Bitcoin Wallet - On Chain and Lightning Combined!': 'https://www.youtube.com/watch?v=5SbpyInuIJk&list=PLxdf8G0kzsUUE7HHNTGTWBFxzt2oudiyS', 'BTC Sessions (2021). Breez Lightning Network - Get Started Minutes!': 'https://www.youtube.com/watch?v=lcBsn8e-oQ4&list=PLxdf8G0kzsUWcgEJLH9AHTN3KQzoN2HTs', 'BTC Sessions (2022). Strike - Send Payments To Anyone In The World For Free': 'https://www.youtube.com/watch?v=4-vJ7zZQ4wU&list=PLxdf8G0kzsUWcgEJLH9AHTN3KQzoN2HTs&index=7'}"
47	Utiliser un wallet/ porte-clés	5. Bitcoin  Lightning  wallet	Niveau 2	{'M. Odell & Bitcoin Q&A (2022). Lightning Network Wallets in Citadel Dispatch E43: bitcoin for beginners': 'https://www.youtube.com/watch?v=OxdgmDxOMRY&t=4779s', 'BTC Sessions (2023). Zeus Bitcoin Lightning Wallet - Mobile Node Management': 'https://www.youtube.com/watch?v=hmmehTnV3ys&list=PLxdf8G0kzsUWcgEJLH9AHTN3KQzoN2HTs&index=8'}
48	Utiliser un wallet/ porte-clés	6. Solutions  Multi-Sig	Niveau 2	{'Portefeuille Multi-Sig Bitcoin - 3 Solutions : Sparrow, Dux, Specter. ADB': 'https://www.youtube.com/watch?v=epP3GZDPeiY', 'Liana : le futur des portefeuilles Bitcoin ! - WizardSardine. ADB': 'https://www.youtube.com/watch?v=siuLmQo1lM8&t=300s', 'Tutoriel multi-sig Specter - Chap 8 - LN 202. ADB': 'https://www.youtube.com/watch?v=mV1KS-Uwjew&t=1s', 'M. Odell & Bitcoin Q&A (2022). Multisig in Citadel Dispatch E43: bitcoin for beginners': 'https://www.youtube.com/watch?v=OxdgmDxOMRY&t=5282s', 'Multisig Guide - Bitcoiner.Guide': 'https://bitcoiner.guide/multisig/intro/', 'Tyler Campbell (2023). Top 10 tips for every bitcoin multisig beginner Unchained': 'https://unchained.com/blog/top-10-bitcoin-multisig-tips/', 'Samson Mow (2023). Don’t depend on or trust ANY single hardware manufacturer. Use multisig...': 'https://twitter.com/Excellion/status/1658572529437495304?s=20', 'Stephen Hall (2023). What is a multisig wallet configuration file and what is it for? Unchained': 'https://unchained.com/blog/what-is-a-multisig-wallet-configuration-file/', 'Stevenot and Hall (2023). What is bitcoin multisig escrow and how does it work?': 'https://unchained.com/blog/bitcoin-multisig-escrow/', 'Stephen Hall (2023). Bitcoin passphrase vs. multisig: Which is right for you? Unchained': 'https://unchained.com/blog/bitcoin-singlesig-passphrase-vs-multisig/', 'Neil Woodfine (2023). Multisig 2-of-3 vs. 3-of-5—are more keys more secure for your bitcoin? Unchained': 'https://unchained.com/blog/bitcoin-multisig-2-of-3-vs-3-of-5/'}
49	Utiliser un wallet/ porte-clés	6. Solutions  Multi-Sig	Niveau 3	{'Jameson Lopp (2020). Bitcoin multisig hardware signing performance': 'https://blog.keys.casa/bitcoin-multisig-hardware-signing-performance/', 'Jameson Lopp (2023). The way to address weaknesses of hardware devices is by leveraging the magic of additive security. Diversity is strength!': 'https://twitter.com/lopp/status/1658572079577419803?s=20', 'ArmanTheParman. Single Signature vs Multisignature Keys.': 'https://armantheparman.com/msigkeys/', 'Alex Waltz (2023). Liana v1.0 is out!': 'https://twitter.com/raw_avocado/status/1658099154571218949', 'Stephan Livera (2023). Multisig with multi device vendors in geographically distributed locations...': 'https://twitter.com/stephanlivera/status/1658568617372405791?s=20', 'Dormez tranquilles, vos bitcoins sont en sécurité avec le portefeuille Liana. [Tutoriel] ADB': 'https://www.youtube.com/watch?v=JrG4WMVPZDQ'}
50	Conserver ses sats/BTC	1. Stocker de façon sécurisée	Niveau 1	{'BTC Sessions (2022). How To Back Up a Bitcoin Wallet. Lightning Session': 'https://www.youtube.com/watch?v=GKXQiDhRy34&list=PLxdf8G0kzsUUE7HHNTGTWBFxzt2oudiyS&index=16', 'BTC Sessions (2022). How To Recover a Bitcoin Wallet. Lightning Session': 'https://www.youtube.com/watch?v=K6YIZkBUdyw&list=PLxdf8G0kzsUUE7HHNTGTWBFxzt2oudiyS&index=17'}
51	Conserver ses sats/BTC	1. Stocker de façon sécurisée	Niveau 2	{'Comment sécuriser 1 Million en Bitcoin? (Passphrase & multi sig). ADB': 'https://www.youtube.com/watch?v=tOJ5iIhbg4c&list=PLinTFKehfR4wGzSb41gAaFFImT9c_hrJV&index=28', 'Portefeuille Multi-Sig Bitcoin - 3 Solutions : Sparrow, Dux, Specter. ADB': 'https://www.youtube.com/watch?v=epP3GZDPeiY', 'Tutoriel multi-sig Specter - LN 202. ADB': 'https://www.youtube.com/watch?v=mV1KS-Uwjew&t=1s', 'Stephen Hall (2023). Ultimate guide to storing your bitcoin seed phrase backups. Unchained': 'https://unchained.com/blog/how-to-store-bitcoin-seed-phrase-backups/', 'M. Odell & Bitcoin Q&A (2022). Multisig in Citadel Dispatch E43: bitcoin for beginners': 'https://www.youtube.com/watch?v=OxdgmDxOMRY&t=5282s'}
52	Conserver ses sats/BTC	2. Prévoir la transmission : plan d'héritage	Niveau 2	"{'Loïc Morel (2023). Réaliser un plan d’héritage pour ses bitcoins. Bitstack': 'https://www.bitstack-app.com/blog/plan-heritage-bitcoin', ""Création d'un plan Héritage Bitcoin Académie Découvre Bitcoin"": 'https://www.youtube.com/watch?v=FzeZApwZ0XM&list=PLinTFKehfR4wGzSb41gAaFFImT9c_hrJV&index=26', ""Comment passer l'épreuve du temps ? Bitcoin 101. ADB"": 'https://www.youtube.com/watch?v=FzeZApwZ0XM&list=PLinTFKehfR4wGzSb41gAaFFImT9c_hrJV&index=26', 'P. Morgan (2018). Cryptoasset Inheritance Planning: a simple guide': 'https://www.amazon.fr/Cryptoasset-Inheritance-Planning-simple-owners/dp/1947910116', 'Vandrew et Hall (2023).How to set up a bitcoin inheritance plan. Unchained Capital': 'https://unchained.com/blog/how-bitcoin-inheritance-plan/'}"
53	Vérifier, auditer	Examiner le  mempool et la blockchain	Niveau 1	{'Ouvrir et découvrir mempool.space par soi-même (visiter tous les onglets).': 'https://mempool.space/', 'Choose Bitcoin (2021). Mempool.space : Réduire ses frais de transaction': 'https://choose-bitcoin.com/fr/calcule-fees-bitcoin-mempool/', 'Mempool -Bitcoiner.guide': 'https://btctouchpoint.com/wp-content/uploads/2023/05/Mempool-QA.jpg'}
54	Vérifier, auditer	Examiner le  mempool et la blockchain	Ouvrir et découvrir mempool.space par soi-même (visiter tous les onglets).	{'Analyse de la MemPool - LN 202 ADB': 'https://www.youtube.com/watch?v=0xS859IoMh8&list=PLinTFKehfR4zoKvBcncHPr-ZTh1enuEhr&index=5', 'Block Explorer & Analyse stats - LN 202. ADB': 'https://www.youtube.com/watch?v=Qe9VaUhUS0E&list=PLinTFKehfR4zoKvBcncHPr-ZTh1enuEhr&index=6', 'T. Demeester (2022). Keep Your Community Safe, DEMAND Proof-of-Keys!': 'https://twitter.com/ChartsBtc/status/1599421354524442625'}
55	Vérifier, auditer	Examiner le  mempool et la blockchain	Niveau 2	{'Mempool space (2023). Mempool Accelerator™️ teaser demo with k3tan': 'https://www.youtube.com/watch?v=qS09zHk0jMg'}
56	Vérifier, auditer	Vérifier  l'offre de bitcoins	Niveau 2	"{""Vérifier l'offre : Run the numbers. Bitcoiner.Guide"": 'https://bitcoiner.guide/verify/fr/'}"
57	Faire tourner son nœud	Contribuer activement au réseau	Niveau 2	{'L. Morel (2023). 6 raisons de configurer votre propre nœud Bitcoin. Bitstack': 'https://www.bitstack-app.com/blog/6-raisons-configurer-noeud-bitcoin', 'Unchained (2023). 7 reasons to run your own bitcoin node.': 'https://unchained.com/blog/why-run-bitcoin-node/', 'Les nœuds. Découvre Bitcoin': 'https://decouvrebitcoin.fr/thematique/noeud/', 'Winter Hodler (2023). Faire tourner son propre nœud avec Bitcoin Core': 'https://agora256.com/faire-tourner-son-propre-noeud-avec-bitcoin-core/', 'Nœud Bitcoin. ADB': 'https://www.youtube.com/playlist?list=PLinTFKehfR4zoKvBcncHPr-ZTh1enuEhr', 'BTC Sessions (2022). How To Run A Bitcoin Node For Free - Bitcoin Core': 'https://www.youtube.com/watch?v=PXg_xUIYN84&list=PLxdf8G0kzsUVzpmuXsCjtm3XWblNzdeEL&index=5', 'M. Odell & Bitcoin Q&A (2022). Full Nodes in Citadel Dispatch E43: bitcoin for beginners': 'https://www.youtube.com/watch?v=OxdgmDxOMRY&t=2756s', 'Michael Goldstein (2021). Vers un ordre mondial nodal': 'https://btctouchpoint.com/fr/vers-un-ordre-mondial-nodal/'}
58	Faire tourner son nœud	Contribuer activement au réseau	Niveau 3	{'Node.Guide: Your node, your rules. Bitcoiner.Guide': 'https://bitcoiner.guide/node/', 'Winter Hodler (2023). Configuration de Tor pour un nœud Bitcoin Core': 'https://agora256.com/configuration-tor-bitcoin-core/'}
59	Faire tourner son nœud	Utiliser Lightning sur son propre nœud	Niveau 2	"{'Comment se lancer dans le Lightning Network ? - FAQ n°50 - DB': 'https://www.youtube.com/watch?v=qTHtPzuo_Ek&t=242s', 'Guide débutant pour le Lightning Network. Bitcoiner.Guide': 'https://bitcoiner.guide/lightning/fr/', ""Asi0 (2022). Regardez tout ce qu'on peut faire sur Lightning !"": 'https://asi0.substack.com/p/regardez-tous-ce-quon-peut-faire', 'Asi0 (2022). Échanges sous-marin entre le réseau Bitcoin et Lightning': 'https://asi0.substack.com/p/echanges-sous-marin-entre-le-reseau', 'Mise en place d’un nœud Bitcoin & Lightning - LN202 - ADB': 'https://academie.decouvrebitcoin.fr/courses/ln-202-mise-en-place-dun-noeud-bitcoin-lightning/', 'Asi0 (2023). Maintenance pour nœud Lightning': 'https://asi0.substack.com/p/maintenance-pour-nud-lightning'}"
60	Faire tourner son nœud	Utiliser Lightning sur son propre nœud	Niveau 3	{'LN Capital (2022). 10 routing tips for beginners Lightning Node Operator': 'https://twitter.com/LN_Capital/status/1602005600929546240', 'Asi0 (2023). Expériences sur les frais de routage du Lightning Network': 'https://asi0.substack.com/p/experiences-sur-les-frais-de-routage', 'Asi0 (2023). Échanges sous-marin entre le réseau Bitcoin et Lightning': 'https://asi0.substack.com/p/echanges-sous-marin-entre-le-reseau', 'Asi0 (2023). Des banques privées sur le réseau Lightning': 'https://asi0.substack.com/p/des-banques-privees-sur-le-reseau'}
129	Dépenser, acheter	1. Dans des commerces avec pignon sur rue	Niveau 1	{'Carte mondiale de tous les commerces acceptant le bitcoin. BTCMap.org': 'https://btcmap.org/map', 'Joe Castagnaro (2023). Introducing BitLocal': 'https://twitter.com/joeycast/status/1656774524119949313'}
130	Dépenser, acheter	1. Dans des commerces avec pignon sur rue	Niveau 2	{'Hector Alvero (2023) Next time you talk to business owners about accepting lightning for payments, try this!': 'https://twitter.com/HectorAlvero/status/1646536261534904321'}
131	Dépenser, acheter	2. Avec des cartes d'achat  payées en bitcoin, et la techno. NFC	Niveau 1	{'Voici où acheter des cartes-cadeaux avec du bitcoin et d’autres cryptomonnaies. Zone Bitcoin': 'https://zonebitcoin.co/voici-5-plateformes-pour-acheter-des-cartes-cadeaux-avec-des-cryptomonnaies/'}
132	Dépenser, acheter	2. Avec des cartes d'achat  payées en bitcoin, et la techno. NFC	Niveau 2	{'BTC Sessions (2022). Coincorner Bolt Card Tutorial: Create NFC Cards For Bitcoin Lightning': 'https://www.youtube.com/watch?v=Cx5PK1H5OR0&list=PLxdf8G0kzsUWcgEJLH9AHTN3KQzoN2HTs&index=6'}
133	Economie circulaire	Bitcoin promeut l'économie circulaire	Niveau 1	"{'Que sont les économies circulaires de Bitcoin ? D-Central': 'https://d-central.tech/fr/que-sont-les-economies-circulaires-de-bitcoin/', 'Andrew Begin (2023). The circular economy ""big bang""': 'https://twitter.com/agbegin/status/1651751183919243266', ""It's time to join the Bitcoin circular economy. Bitcoin Magazine"": 'https://bitcoinmagazine.com/business/its-time-to-join-the-bitcoin-circular-economy', 'Brian Harrington (2020). Four lies about the Bitcoin circular economy. BM': 'https://bitcoinmagazine.com/technical/four-lies-about-the-bitcoin-circular-economy', 'BTC Casey (2021). El Salvador surf team rides the Bitcoin wave. BM': 'https://bitcoinmagazine.com/culture/el-salvador-surf-team-rides-bitcoin', 'John G. Dew (2022). Finding the path to a parallel Bitcoin economy. BM': 'https://bitcoinmagazine.com/culture/the-path-to-the-parallel-bitcoin-economy', 'Namcios (2022). Visit the Guatemalan lake town mining Bitcoin with used cooking oil. BM': 'https://bitcoinmagazine.com/culture/guatemala-town-mining-bitcoin-with-used-oil'}"
134	Economie circulaire	Bitcoin promeut l'économie circulaire	Niveau 2	"{'Bitcoin adoption happens fastest in circular economy. BM': 'https://bitcoinmagazine.com/culture/bitcoin-adoption-in-circular-economies', 'A. Svetski (2023). Since Bitcoin is a necessity, its economy will be circular. BM': 'https://bitcoinmagazine.com/culture/because-bitcoin-is-a-necessity-its-economy-will-be-circular', ""Aleksandar Svetski (2023). Bitcoin's economy is already circular. BM"": 'https://bitcoinmagazine.com/culture/bitcoin-economy-is-circular', 'Anarkio (2022). KYC-free circular eco.: free the markets, free the world. BM': 'https://bitcoinmagazine.com/business/kyc-free-bitcoin-circular-economies', 'S. Kotliar (2022). Real talk on building a circular eco. Pizza Day Prague 2022': 'https://www.youtube.com/watch?v=bkjEcSmZKfc'}"
135	Emprunter	Contracter un prêt  en mettant du bitcoin en garantie	Niveau 2	"{'Bitcoin Magazine (2023).Bitcoin-Backed Loans': 'https://bitcoinmagazine.com/guides/bitcoin-backed-loans', 'The ultimate guide to bitcoin-backed Loans. Unchained Capital': 'https://unchained.com/blog/ultimate-guide-bitcoin-loans/', 'Ciaran Lyons (2023). Home loans using crypto as collateral: Do the risks outweigh the reward? CoinTelegraph': 'https://cointelegraph.com/magazine/crypto-home-loan-bitcoin-mortgage-risky/', 'Leon Wankum (2023).why Bitcoin Is Pristine Collateral For Lending. Bitcoin Magazine': 'https://bitcoinmagazine.com/business/why-bitcoin-is-pristine-collateral', ""Noelle Acheson\xa0 (2021). Crypto Long & Short: Bitcoin's Potential as a Collateral Class. CoinDesk"": 'https://cointelegraph.com/magazine/crypto-home-loan-bitcoin-mortgage-risky/'}"
150	Devenir mineur de BTC	1. Processus graduel	Niveau 1	{'Comment miner des bitcoins : une introduction non technique. D-Central': 'https://d-central.tech/fr/comment-miner-des-bitcoins-une-introduction-non-technique/', 'The Basics of Mining Bitcoin at Home. Compass Mining': 'https://compassmining.io/education/how-to-mine-bitcoin-at-home-basics/', 'Bitmaker (2023). Build your Bitcoin Miner | NerdMiner v2 | LotteryMiner': 'https://www.youtube.com/watch?v=POUT2R_opDs', 'Silexperience (2023). Tuto NerdMiner v2': 'https://twitter.com/Silexperience/status/1646224015810347010'}
151	Devenir mineur de BTC	1. Processus graduel	Niveau 2	"{'Raymond Walsh (2021). The Plebs Guide to Bitcoin Mining at Home. BM': 'https://bitcoinmagazine.com/business/how-to-mine-bitcoin-easily-at-home', 'Bitcoin Magazine. Bitcoin\xa0Home Mining': 'https://bitcoinmagazine.com/tags/home-mining', ""Se préparer à l'exploitation minière de bitcoins à domicile. D-Central"": 'https://d-central.tech/fr/comment-se-preparer-a-lexploitation-miniere-de-bitcoins-a-domicile/'}"
152	Se chauffer en minant	Applications domestiques et professionnelles	Niveau 1	"{'Travis Bitckle (2023). Bitcoin home mining': 'https://twitter.com/bitckle/status/1645969834130264065', 'AFP/Valeria Mongelli (2022). Aux Pays-Bas, des tulipes poussent grâce au bitcoin [chauffage de serres, séchage de bulbes...]. Sciences et Avenir  - Couverture CNN Decoded (2023)': 'https://www.sciencesetavenir.fr/nature-environnement/aux-pays-bas-des-tulipes-poussent-grace-au-bitcoin_168191', 'DCX Immersion Mining (2022). Bitcoin mining warms a hotel, offices and workshop.': 'https://twitter.com/DCX_Immersion/status/1578812160641478656', 'Nicolas Drouin (2023). Bitcoin pool heater.': 'https://twitter.com/Crypto_Nic0/status/1641041425407115265?s=20', 'Documenting Bitcoin (2023). Profitable and sustainable hydroponic, fish hatchery, and heating systems.': 'https://twitter.com/DocumentingBTC/status/1618329338285522945?s=20&t=RC48hLL7CtWkutD91Qab0Q', ""J Willms (2021). North Vancouver to be world's 1st city heated by bitcoin. BM"": 'https://bitcoinmagazine.com/business/north-vancouver-to-be-worlds-first-city-heated-by-bitcoin-mining'}"
153	Se chauffer en minant	Applications domestiques et professionnelles	Niveau 2	"{'Kinetic Finance (2023). Warming Up to Bitcoin - The Future of Sustainable Heating? MintGreen': 'https://www.youtube.com/watch?v=nTRdmYX-0h8&t=51s', ""Bert de Groot (2022). Revue en détail, vidéos à l'appui, de l'expé. de minage en horticulture et d'autres cas d'usage par l'entreprise Bitcoin Brabant."": 'https://twitter.com/BdGBertdeGroot/status/1608332882577063938?s=20&t=A-57Xoc18z25uQPrfxYXqA', 'A. Vinot (2021). Bitcoin et énergie, baisser le coût de la chaleur grâce au minage à domicile. Parlons Bitcoin': 'https://parlonsbitcoin.com/podcasts/wisemining-et-energie', 'Hestiia. Réduisez vos factures avec une nouvelle source de chaleur': 'https://hestiia.com/fr'}"
154	Se chauffer en minant	Applications domestiques et professionnelles	Niveau 3	{'A. Vinot (2021). Miner du Bitcoin grâce à sa chaudière? Solution SATO. DB': 'https://www.youtube.com/watch?v=XoRnwviMGvE', 'Ajelex et Blob (2023). Attakaï : Le chauffage Bitcoin DIY ! DB': 'https://www.youtube.com/watch?v=gKoh44UCSnE', 'Ajelex et BlobOnChain (2023). Attakaï ! Le home-mining rendu possible et accessible! DB': 'https://decouvrebitcoin.fr/attakai-presentation/', 'BlobOnChain & Ajelex (2023). Attakaï : Réemploie de S9 pour se chauffer.\xa0DB': 'https://decouvrebitcoin.fr/thematique/attakai/'}
165	Mon commerce et Bitcoin	Apparaître sur la carte des commerces acceptant Bitcoin !	Niveau 1	"{""S'identifier sur la carte Bitcoin map"": 'https://btctouchpoint.com/fr/ressources/solutions-pratico-pratiques/#commerces'}"
166	Mon commerce et Bitcoin	Apparaître sur la carte des commerces acceptant Bitcoin !	Niveau 2	{'Ajelex (2023). BTC Map : la map des bitcoiners - Présentation, comment contribuer, statistiques...': 'https://www.youtube.com/watch?v=cMJDdQx9jl8&t=360s'}
167	Mon commerce et Bitcoin	Accepter Bitcoin dans son commerce	Niveau 1	{'Student of Bitcoin (2023). Take control of your payment using Bitcoin': 'https://twitter.com/studentofbtc/status/1636403569485299713', 'Découvre Bitcoin (2023). Swiss Bitcoin Pay : La solution pour accepter Bitcoin dans son commerce.': 'https://www.youtube.com/watch?v=_yAyJReq3Dg', 'Darth Coin (2023). Premiers pas pour accepter Bitcoin dans son commerce': 'https://decouvrebitcoin.fr/premiers-pas-pour-accepter-bitcoin-dans-son-commerce/', 'Coin SU (2023). Swiss Bitcoin Pay : 1 minute pour accepter Bitcoin dans votre commerce': 'https://www.youtube.com/watch?v=l9E6NDI72uY&t=103s', 'Mon commerce et le Bitcoin': 'https://docs.google.com/presentation/d/1AvrTcGBYX2tDYOcGo-a3AI2lB7dd-9ALGyxpTz8W5bY/edit#slide=id.p'}
168	Mon commerce et Bitcoin	Accepter Bitcoin dans son commerce	Niveau 3	"{""Lounès et Rogzy (2022). Tutoriel mise en place d'un LN-POS. DB"": 'https://www.youtube.com/watch?v=7-saQaNo9Vo'}"
169	Mon commerce et Bitcoin	Utiliser LNbits	Niveau 2	{'Claire Desombre (2022). Aperçu de la plateforme LNBits. DB': 'https://decouvrebitcoin.fr/lnbits-overview/', 'BTC Session (2022). LNbits Lightning Wallet ToolKit - Tutorial': 'https://www.youtube.com/watch?v=9cvxCL4ADE4', 'Jonathan Levi (2022). The Most Powerful App For Your Bitcoin Lightning Node... Ever!': 'https://www.youtube.com/watch?v=ZTjFalYeOlA', 'Silexperience (2023). Comment utiliser une bague NFC Bitcoin sur LNBits': 'https://twitter.com/Silexperience/status/1623662664726507523'}
170	Mon commerce et Bitcoin	Utiliser LNbits	Niveau 3	"{""Lounès et Rogzy (2022). Tutoriel mise en place d'un LN-POS. DB"": 'https://www.youtube.com/watch?v=7-saQaNo9Vo', 'LNbits. Free and open-source bitcoin point-of-sale': 'https://lnbits.github.io/lnpos/installer/'}"
171	Travailler dans Bitcoin	1. Trouver un  Bitcoin job !	Niveau 1	{'Annoncer et trouver un job sur Bitcoinerjobs.com': 'https://bitcoinerjobs.com/', 'Bitcoin Talent Co.': 'https://www.bitcointalent.co/job-seekers', 'E. Podwoski & A. Thomson (2023). How to Hire or Land a Job in Bitcoin. WiM': 'https://www.youtube.com/watch?v=9sa8ikwcjlU'}
172	Travailler dans Bitcoin	1. Trouver un  Bitcoin job !	Niveau 2	"{""Débloquer des opportunités de carrière grâce à des connaissances en réparation d'ASIC. D-Central"": 'https://d-central.tech/fr/debloquer-des-opportunites-de-carriere-grace-a-des-connaissances-en-reparation-dasic/'}"
173	Travailler dans Bitcoin	1. Trouver un  Bitcoin job !	Niveau 3	{'Buildonl2.com The community for Bitcoin builders': 'https://www.buildonl2.com/'}
174	Être payé en Bitcoin	Gagner  des sats	Niveau 1	"{""Obtenir des Bitcoins en travaillant ! (c'est possible) - ADB"": 'https://www.youtube.com/watch?v=R3NWkS7x4A8&list=PLinTFKehfR4wGzSb41gAaFFImT9c_hrJV&index=18', 'Obtenir des Bitcoin. Bitcoin.fr': 'https://bitcoin.fr/obtenir-des-bitcoins/', 'Anyone Can Earn Bitcoin. Millions of people are stacking sats for playing games, listening to podcasts, taking phone calls, sharing content... Stack Sats': 'https://www.stacksats.how/', 'Earn Bitcoin From Home. African Bitcoiners': 'https://bitcoiners.africa/places-to-earn-sats/', 'Gagnez du bitcoin sur chacune de vos dépenses. Bitstack': 'https://www.bitstack-app.com/carte'}"
175	Être payé en Bitcoin	Gagner  des sats	Niveau 2	{'Choose Bitcoin (2022). Accepter les dons en bitcoin : Payment Widget': 'https://choose-bitcoin.com/fr/payment-widget-accepter-dons-bitcoins/'}
198	Eviter les pièges et arnaques	Identifier  les risques	Niveau 1	{'Pièges et conseils pour les éviter': 'https://btctouchpoint.com/fr/premiers-pas/pieges-et-principes/#pieges', 'Comment acheter des bitcoins sans se faire arnaquer. Bitcoin.fr': 'https://bitcoin.fr/comment-acheter-des-bitcoins-sans-se-faire-arnaquer/', 'Fraude et Arnaque en Cryptomonnaie. Cours LvL 0.1 ADB': 'https://www.youtube.com/watch?v=LeyI3CBw2g4&list=PLinTFKehfR4wGzSb41gAaFFImT9c_hrJV&index=2', '10 Ways to lose your Bitcoin - Bitcoiner.guide': 'https://bitcoiner.guide/lostbitcoin/'}
199	Eviter les pièges et arnaques	Identifier  les risques	Niveau 2	{'Loïc Morel (2023). Eviter les arnaques et piratages sur Bitcoin. Bitstack': 'https://www.bitstack-app.com/blog/eviter-arnaques-piratages-bitcoin', 'Stephen Hall (2023). What happens to my bitcoin if an exchange fails? Unchained Capital': 'https://unchained.com/blog/bitcoin-exchange-bankrupt/'}
200	Sécurité	Mettre en place  les bonnes pratiques	Niveau 1	{'Sécurité informatique & gestion des données. Cours Secu 101 - ADB': 'https://academie.decouvrebitcoin.fr/courses/secu-101-securite-informatique-gestion-des-donnees/', 'Sécurité en ligne pour Bitcoin. Cours LvL 0.2 - ADB': 'https://www.youtube.com/watch?v=d9Ccy17yWB0&list=PLinTFKehfR4wGzSb41gAaFFImT9c_hrJV&index=3', 'Conseil N°3 - Ne parle pas de tes Bitcoins. ADB': 'https://www.youtube.com/watch?v=tL1hMEpxzA4&list=PLinTFKehfR4wGzSb41gAaFFImT9c_hrJV&index=24', 'Choisir sa sécurité Bitcoin - Bitcoin 101 - ADB': 'https://www.youtube.com/watch?v=qhjEJuJHRf8&list=PLinTFKehfR4zX1E6s5ik1oSvQlQysUt6D&index=9', 'Change de sécurité si besoin ! ADB': 'https://www.youtube.com/watch?v=CMu5hhXQ_Zw'}
201	Sécurité	Mettre en place  les bonnes pratiques	Sécurité informatique & gestion des données. Cours Secu 101 - ADB	"{'Loïc Morel (2023). 7 astuces pour améliorer la sécurité de votre portefeuille Bitcoin. Bitstack': 'https://www.bitstack-app.com/blog/astuces-ameliorer-securite-bitcoins', 'Risque de cambriolage. ADB': 'https://www.youtube.com/watch?v=QD5OwROq_os&t=1s', ""Graver la liste de 24 mots dans l'acier. ADB"": 'https://www.youtube.com/watch?v=AnsSfGeeUP0', 'La sécurité Bitcoin. DB': 'https://decouvrebitcoin.fr/thematique/securite/', 'Stephen Hall (2023). Seed phrases are forever: paper, metal, and other backups. Unchained': 'https://unchained.com/blog/how-to-store-seed-phrase-safe-deposit-box/', 'Stephen Hall (2023). How to store a bitcoin seed phrase in a safe deposit box. Unchained Capital': 'https://unchained.com/blog/how-to-store-seed-phrase-safe-deposit-box/', 'Doc Marmott, Loïc Morel, et Seedkeeper (2022). Générer et protéger sa seed': 'https://twitter.com/bitcoinpointfr/status/1570425374508548096', 'Loïc Morel (2023). Self-custody : Top 4 des erreurs à éviter. Bitstack': 'https://www.bitstack-app.com/blog/4-erreurs-de-debutants-bitcoin', ""Wilf (2023). Maslow's hierarchy for Bitcoin privacy"": 'https://twitter.com/WilfIntheNight/status/1652694963099164674', ""Hari Seldon (2023). Vérifier la sauvegarde d'un portefeuille Bitcoin avec Tails en moins de 5 minutes"": 'https://agora256.com/verifier-sa-sauvegarde-de-portefeuille-bitcoin-avec-tails/'}"
202	Sécurité	Mettre en place  les bonnes pratiques	Niveau 2	{'Alex Waltz (2023). Liana v1.0 is out!': 'https://twitter.com/raw_avocado/status/1658099154571218949', 'Southern Bitcoiner (2023). How to build a SeedSigner: DIY hardware wallet': 'https://www.youtube.com/watch?v=mGmNKYOXtxY', 'Jameson Lopp. Metal Bitcoin Seed Storage Reviews. Stress tests and reviews of seed storage devices.': 'https://jlopp.github.io/metal-bitcoin-storage-reviews/', 'Stevenot and Hall (2023). Faraday bags: Do you need one for your bitcoin hardware wallet? Unchained Capital': 'https://unchained.com/blog/faraday-bag-bitcoin/'}
203	Sécurité	Sécurité en  voyage	Niveau 2	{'Ron Stoner (2022). Bitcoin security tips to help you while traveling. CasaBlog': 'https://blog.keys.casa/travel-tips-for-bitcoin-security/', 'Stephen Hall (2023). 7 tips for traveling with bitcoin keys. Unchained Capital': 'https://unchained.com/blog/7-tips-traveling-bitcoin/', 'Primal.net/mtc (2022). Border Wallets': 'https://twitter.com/GhostofMTC/status/1549779609566191616'}
204	Confidentialité	1.  Bonnes pratiques en matière de confidentialité	Niveau 1	{'Scoresby (2023). Take your online privacy seriously': 'https://twitter.com/BitcoinScoresby/status/1647937817425633284', 'Seulement NoKYC. Bitcoiner.guide': 'https://bitcoiner.guide/nokyconly/fr/', 'Odell (2022). Why Bitcoiners Should Care About Using Bitcoin Privately': 'https://www.discreetlog.com/why-bitcoiners-should-care-about-using-bitcoin-privately/'}
205	Confidentialité	1.  Bonnes pratiques en matière de confidentialité	Seulement NoKYC. Bitcoiner.guide	"{""KYCNOT.ME. Analyse comparative exhaustive des différentes solutions d'achat pair à pair."": 'https://kycnot.me/', 'Bitcoin Privacy Guide: A beginner guide to Bitcoin privacy. Bitcoiner.guide': 'https://bitcoiner.guide/privacy/', 'BM (2022). How to buy Bitcoin anonymously: a privacy and security guide.': 'https://bitcoinmagazine.com/guides/how-to-buy-bitcoin-anonymously#section-3-where-to-buy-bitcoin-anonymously', 'Stephen Hall (2023). 9 ways to use bitcoin more privately Unchained': 'https://unchained.com/blog/how-to-use-bitcoin-privately/', ""Sovereignty Toolkit: A list of tools to help you opt out of today's surveillance systems - Bitcoiner Guide"": 'https://bitcoiner.guide/toolkit/', 'Bitcoin Privacy Returns: Seth for Privacy and Bitcoin Q&A': 'https://www.youtube.com/watch?v=7FNUKkrG_9A', 'UTXO -Bitcoiner.guide': 'https://btctouchpoint.com/wp-content/uploads/2023/05/UTXO-QA.jpg', 'Tom Honzik (2023). What is a bitcoin UTXO and why do they matter? Unchained': 'https://unchained.com/blog/what-is-a-utxo-bitcoin/', 'Calle (2023). Scaling Bitcoin Privacy with Calle. What Bitcoin Did': 'https://www.youtube.com/watch?v=kUJmHo990Fk'}"
206	Confidentialité	2.  Coinjoin	Niveau 2	{'L. Morel (2023). Tribune sur le KYC et l’identification des bitcoins onchain. DB': 'https://decouvrebitcoin.fr/tribune-sur-le-kyc-et-lidentification-des-bitcoins-onchain/', 'Choose Bitcoin (2022). Mixage avec Sparrow wallet et Samouraï Whirlpool': 'https://choose-bitcoin.com/fr/mixage-bitcoin-sparrow-wallet-samourai-whirlpool/', 'Loïc Morel (2022). Comprendre et utiliser le CoinJoin sur Bitcoin.': 'https://www.pandul.fr/post/comprendre-et-utiliser-le-coinjoin-sur-bitcoin', 'BTC Sessions (2022). NON KYC BITCOIN - Buy, Mix & Store, Full Tutorial': 'https://www.youtube.com/watch?v=4gfmm8x2F9M&list=PLxdf8G0kzsUUWgjZRHEOEz7vSST9cXwMJ&index=4', 'Tom Honzik (2023). What is a CoinJoin and how do they work? Unchained Capital': 'https://unchained.com/blog/what-is-coinjoin/', 'M. Odell & Bitcoin Q&A (2022). Coinjoins in Citadel Dispatch E43: bitcoin for beginners': 'https://www.youtube.com/watch?v=OxdgmDxOMRY&t=4562s', 'BTC Sessions (2019). Wasabi Wallet: Bitcoin Privacy Using Coinjoin)': 'https://www.youtube.com/watch?v=ECQHAzSckK0&list=PLxdf8G0kzsUVzpmuXsCjtm3XWblNzdeEL&index=4', 'BTC Sessions (2022). Using Whirlpool Coinjoin In Sparrow Wallet - Retain Your Bitcoin Privacy.': 'https://www.youtube.com/watch?v=6TcUY2yU41w', 'Parlons Bitcoin (2022). Wasabi vs. Samouraï, quel wallet pour ses ConJoin ?': 'https://parlonsbitcoin.com/podcasts/wasabi-vs-samourai'}
207	Confidentialité	2.  Coinjoin	Niveau 3	{'Mobile Coinjoin with Whirlpool on Samourai Wallet. Bitcoiner.Guide': 'https://bitcoiner.guide/mobilecoinjoin/', 'Loïc Morel (2023). Combien faut-il faire de remix sur Whirlpool ?': 'https://www.pandul.fr/post/combien-faut-il-faire-de-remix-sur-whirlpool', 'Tom Honzik (2023). UTXOs, addresses, and CoinJoins: Preserving privacy in a bitcoin economy. Unchained Capital': 'https://unchained.com/blog/bitcoin-utxo-privacy/'}
228	Généralités	Le cadre français	Niveau 1	"{'Fiscalité de Bitcoin en 2021. ADB': 'https://academie.decouvrebitcoin.fr/lessons/bonus-fiscalite-de-bitcoin-en-2021-interview-avec-un-avocat-fiscaliste/', 'ORWL & le métier d\'avocat ""Bitcoin"" - 2021. ADB': 'https://www.youtube.com/watch?v=JVp6Mz4UIZI'}"
229	Généralités	Le cadre français	Niveau 2	{'Cryptoast (2021). Fiscalité des cryptomonnaies en 2021 : le point avec ORWL Avocats.': 'https://www.youtube.com/watch?v=pWOnkUqc7pc'}
230	Pour les particuliers	Se mettre en conformité à titre personnel	Niveau 1	{'Waltio (2023). Comment déclarer mes cryptomonnaies en 2023 ? Bitstack': 'https://www.bitstack-app.com/blog/comment-declarer-mes-cryptomonnaies-en-2023', 'Mon conseil fiscal (2023). Fiscalité crypto 2023 vs optimisation fiscale crypto': 'https://www.youtube.com/watch?v=MRUn7HhxHQ8', 'Chérine Hosny (2023). Déclaration IR Cryptos : Un guide pratique en 2 parties.': 'https://twitter.com/CherineHosny/status/1655876800961028099'}
231	Pour les particuliers	Se mettre en conformité à titre personnel	Niveau 2	{'La fiscalité Bitcoin pour les Particuliers - France 2021. ADB': 'https://www.youtube.com/watch?v=rJtsy3b3ImI&t=25s', 'Mon conseil fiscal (2022). Comment optimiser la fiscalité de vos cryptomonnaies. Playlist': 'https://www.youtube.com/playlist?list=PL2lB81J966f4IbGkQzcqbq2bivKaZ6P2L'}
232	Pour les professionnels	Se mettre en conformité à titre professionnel	Niveau 2	{'Le PSAN & notre crypto-nation Française en 2021. ADB': 'https://www.youtube.com/watch?v=edL4-b1DZsg&t=5s', 'La fiscalité Bitcoin pour les Professionnels - France 2021. ADB': 'https://www.youtube.com/watch?v=c1t9HvZguJQ&t=1s'}
243	Utiliser Liquid	1. Prendre en main Liquid !	Niveau 1	"{""BTC Session (2021). How To Use Bitcoin's Liquid Network"": 'https://www.youtube.com/watch?v=jMDRWHBrQUc'}"
244	Utiliser Liquid	1. Prendre en main Liquid !	Niveau 2	"{""BTC Session (2021). How To Use Bitcoin's Liquid Network - SideSwap"": 'https://www.youtube.com/watch?v=bbo-eq6KwdY'}"
245	Ordinals, Stamps, BRC-20....	1. Graver des  inscriptions immuables sur Bitcoin	Niveau 2	"{'Gilles Cadignan (2023) Ordinals : La forme finale des NFT': 'https://www.ordinalz.net/ordinals-la-forme-finale-des-nft/', 'Grand Angle Crypto (2023) Un nouveau protocole qui menace (vraiment) Bitcoin': 'https://www.youtube.com/watch?v=Vhx4INAQIYo', 'Marty Bent (2023) Your mempool is full, bro.': 'https://tftc.io/martys-bent/issue-1341/', ""Grand Angle Crypto (2023) La folie des BRC-20 Bitcoin. La fin d'Ethereum ?!"": 'https://www.youtube.com/watch?v=DWZMoXA9xCA&t=1s', 'Tuur Demeester (2023) Inscriptions & High Fees On Bitcoin L1.Preston Pysh': 'https://www.youtube.com/watch?v=1f9ngGdcnsE', 'Grittoshi (2023). BRC-20 : résumé du machin': 'https://twitter.com/Grittoshi/status/1653744508670967810'}"
246	Crowfunding	Mobiliser le  soutien de la communauté	Niveau 1	{'Geyser Transform your Bitcoin ideas into real-life projects, Through the support of your community.': 'https://geyser.notion.site/Geyser-2dd9468a27e84531bcbcbe89c24d7f09', 'Zone Bitcoin (2023). Geyser : Le crowdfunding pour soutenir des projets en bitcoin': 'https://zonebitcoin.co/geyser-crowdfunding-bitcoin/'}
247	Crowfunding	Mobiliser le  soutien de la communauté	Niveau 2	{'Matt Odell (2022). Citadel Dispatch E57: Bitcoin Crowdfunding & Donations with @coinjoiner, @pavlenex, and Tony': 'https://chowcollection.medium.com/matt-odell-citadel-dispatch-e57-bitcoin-crowdfunding-donations-with-coinjoiner-pavlenex-6e30817b7736'}
248	Expérimentations ludiques	1. Bitcoin, Lightning et le  gaming	Niveau 1	{'Colin Harper (2021). These Gaming Studios Are Bringing Bitcoin Payouts to Everyday Esport Gamers. Coindesk': 'https://www.coindesk.com/tech/2021/02/11/these-gaming-studios-are-bringing-bitcoin-payouts-to-everyday-esport-gamers/', 'Sam Day - Gamertron': 'https://sites.google.com/nathanday.net/gamertron/'}
249	Expérimentations ludiques	1. Bitcoin, Lightning et le  gaming	Niveau 2	{'Moritz Kamminski and Oleg Mikhalsky (2021). Bitcoin in Gaming. BM': 'https://bitcoinmagazine.com/culture/bitcoin-in-video-games', 'André Neves (2023). Bitcoin Integration Into Gaming. Preston Pysh': 'https://www.youtube.com/watch?v=gcqlkYGBwr0'}
250	Nostr	1. Protocole de  communication P2P résistant à la censure	Niveau 1	{'Anil (2023). A beginner-level intro to nostr': 'https://twitter.com/anilsaidso/status/1611519739813310466', 'Cgi-bin (2023). Guide de bienvenue sur Nostr': 'https://habla.news/a/naddr1qqxnzd3cxyunqvfhxy6rvwfjqyt8wumn8ghj7mn0wd68ytnfdehhxarp9e3kxtcpremhxue69uhkummnw3ez6ur4vgh8wetvd3hhyer9wghxuet59uq3camnwvaz7tmjv4kxz7fwdehhxarjdakk7tnnda3kjctv9uq37amnwvaz7tmwdaehgu3wwdjhg6rxdae8qunfweskx7fwvdhk6tczyzd9w67evpranzz2jw4m9wcygcyjhxsmcae6g5s58el5vhjnsa6lgqcyqqq823c3vmxen', 'FranklynHart (2023). Comment utiliser Nostr en 2023 : Un guide pour débutant': 'https://agora256.com/nostr/', 'Nostr.how (2023). Guides, ressources...': 'https://nostr.how/fr/what-is-nostr', 'Nostr.fr (2023). Guides, ressources...': 'https://nostr.fr/', 'Alby (2023). The 2-minute Alby guide to Nostr': 'https://blog.getalby.com/the-2-minute-alby-guide-to-nostr/', 'Cgi-bin (2023). npub de la communauté francophone': 'https://habla.news/a/naddr1qqyrve3hvyux2cnxqyf8wumn8ghj7ur4wfcxcetsv9njuetnqyxhwumn8ghj7mn0wvhxcmmvqy08wumn8ghj7mn0wd68yttjv4kxz7fwdehkkmm5v9ex7tnrdakszynhwden5te0danxvcmgv95kutnsw43qz9rhwden5te0wfjkccte9ejxzmt4wvhxjmcpzpmhxue69uhkummnw3ezuamfdejsygy62a4ajcz8mxyy4yatk2asg3sf9wdph3mn53fpg0nlge098pm47spsgqqqw4rsd4mjyv', 'Lebeck (2023). Présentation de Nostr au Meetup Bitcoin de Lausanne': 'https://www.youtube.com/watch?v=Cc7ZAtSyZdk&t=966s'}
251	Nostr	1. Protocole de  communication P2P résistant à la censure	Niveau 2	{'Austrich.net (2023). Guides, Ressources...': 'https://www.austrich.net/nostr/', 'JohOnChain (2022). Nostr – Le futur des réseaux sociaux. Découvre Bitcoin': 'https://decouvrebitcoin.fr/nostr/', 'Marty Bent (2023). The potential power of Nostr': 'https://tftc.io/martys-bent/issue-1310-the-potential-power-of-nostr/', 'W. Casarin (2023). Nostr - Decentralized Social Media & Bitcoin - Preston Pysh': 'https://www.youtube.com/watch?v=8GhEezzto4Y', 'Pablo Fernandez (2023). How Nostr Works And The Mind-Blowing Implications For Freedom & Prosperity - John Vallis Bitcoin Rapid-Fire': 'https://www.youtube.com/watch?v=634DvERKauA', 'Birdflip (2023). A decentralized alternative to Shopify, Etsy...: Nostr web store': 'https://twitter.com/birdfIip/status/1657527209265963009'}
252	Nostr	1. Protocole de  communication P2P résistant à la censure	Niveau 3	{'Gregory, Youssef and Riard (2023). Civ Kit: A P2P Electronic Market System': 'https://github.com/civkit/paper/blob/main/civ_kit_paper.pdf'}
