id,title,subtitle,description,links,quadrant,keywords
8c2c2c7130be3083ab0be7dea0bce5f3,systemes monetaires,1. bitcoin s'inscrit dans l'histoire et l'evolution de la monnaie,niall ferguson (2023). fiat history - saifedean ammous,https://www.youtube.com/watch?v=nw_el3w3SGU, comment bitcoin change societe,"bitcoin, war, gold, inflation, britain, 1914, currencies, currency, monetary, bank, finance, standard, economic, 1918, banks, british, crypto, dollar, financial, history, russia, asset, inflationary, 1920s, 1930s, 2020, army, bonds, books, digital"
cfb6e8733a2a4229b877284fb3f757ee,systemes monetaires,1. bitcoin s'inscrit dans l'histoire et l'evolution de la monnaie,michel khazzaka (2022). la vie d'un paiement fiat - surfin'22,https://www.youtube.com/watch?v=LugE0aLY16I, comment bitcoin change societe,"pas, une, banques, paiement, carte, transactions, le, banque, fait, euros, paye, smartphone, bien, bitcoin, centrale, fraude, milliards, apple, cartes, ce, dans, des, est, pourquoi, technologie, visa, votre, être, bancaire, blockchain"
3bb6872c3b48227c1be1ea1ed5e75883,systemes monetaires,"3. monnaie, preference temporelle, et investissements",michael saylor (2023). the 24 risks of equities with michael saylor. the bitcoin layer,https://www.youtube.com/watch?v=8cX1aptP5Io, comment bitcoin change societe,"risk, bitcoin, equity, company, shareholders, currency, business, companies, stock, capital, ceo, employees, index, economy, patent, corporations, risks, sue, sued, vendor, apple, billion, competitor, debt, dollar, economic, indexes, investor, legal, liability"
2e2c4d75aa5f50bd0101b91f65cfc6cf,changement de paradigme,2. changement de paradigme,meme factory (2023). hello. i am bitcoin. based on a text from tomer strolight,https://www.youtube.com/watch?v=-NVUQILq1pA, comment bitcoin change societe,"artificial, life, bitcoin, bitcoins, record, survive, blockchain, computer, computers, existence, humans, live, money, units, agreeing, alive, anarchy, artificially, awareness, beings, believe, believes, benefit, blood, brain, cells, chaotic, collectively, communicate, company"
5836d43654206c4adcd1949798db00fd,reseau lightning,1.  fonctionnement du lightning network,tadge dryja (2022). une legende de l'ecosysteme ! - gac,https://www.youtube.com/watch?v=1Q_uoID-BDY, comment bitcoin change societe,"bitcoin, lightning, channel, ethereum, network, channels, coins, exchanges, idea, utxo, changes, exchange, scaling, fork, gigabyte, gigabytes, layer, node, oracle, technology, contracts, dlc, forks, law, megabytes, payment, smaller, software, spend, utrexo"
87bea8fbaf4c2de15d61b7c2ae1fd3f9,reseau lightning,1.  fonctionnement du lightning network,"tadge dryja (2022). thaddeus present his work : ln network genesis, dlc and utreexo - surfin' bitcoin 2022",https://www.youtube.com/watch?v=lMWQrImbQiM, comment bitcoin change societe,"bitcoin, utxo, lightning, blockchain, contracts, network, node, utxos, bridge, generator, tree, channels, coins, oracle, proofs, utrexo, alice, binary, database, faster, gigabytes, hash, ibd, ideas, nodes, payment, problems, signature, signatures, spend"
5836d43654206c4adcd1949798db00fd,reseau lightning,1.  fonctionnement du lightning network,bastien teinturier (2022). surchauffe du lightning network ?! - gac,https://www.youtube.com/watch?v=1Q_uoID-BDY, comment bitcoin change societe,
c3f16bb0ab4bf24a41a67130c3d9d28d,reseau lightning,1.  fonctionnement du lightning network,bastien teinturier et antoine poinsot (2022). bitcoin et lightning : comment participer ? surfin' bitcoin 2022,https://www.youtube.com/watch?v=Zg2zLynsoCQ, comment bitcoin change societe,"une, pas, bitcoin, être, le, ce, code, votre, fait, bien, protocole, qui, changement, des, développeurs, merci, ouais, peut, énormément, autre, contre, boulot, pense, pourquoi, valeur, vous, blockstream, dans, entreprises, exactement"
49df0b01c18a1b9a36e6c39094c822b6,stabilite economique,2. comment bitcoin peut redresser l'economie ?,jordan b peterson (2022). how an incorruptible money could impact the free market process in bitcoin as an incorruptible system of value. wim,https://www.youtube.com/watch?v=FQlA-I7PXf0&t=4031s, comment bitcoin change societe,
7d948d128333a44be32d8c13ddd9a3f9,energie,"1.  utiliser plus d'energie, est-ce un probleme ?",alex epstein (2022). fossil future. bitcoin fixes this #95,https://www.youtube.com/watch?v=2YzrMwzjNSY, comment bitcoin change societe,"fuels, energy, fossil, climate, freedom, benefits, nature, bitcoin, book, productivity, experts, corporations, labor, moral, policy, thinking, assumption, countries, crisis, earth, emissions, expert, fiat, government, inflation, machines, nurture, philosophy, resources, think"
1b6e2246565887530f2855643f850619,energie,2.  minage de bitcoin : quelle utilisation d'energie ? comparee a quoi ?,"j. king (2022). ""this machine greens"" - bitcoin documentary. swan bitcoin",https://www.youtube.com/watch?v=b-7dMVcVWgc, comment bitcoin change societe,"energy, bitcoin, miners, mining, currency, money, electricity, gold, inflation, civilization, dollar, oil, renewable, carbon, methane, wampum, consumption, currencies, economic, economy, fuel, market, advancement, banks, billion, christmas, co2, demand, efficient, environment"
7f921dc66be37e7e60e39fb0ddd21bcf,energie,2.  minage de bitcoin : quelle utilisation d'energie ? comparee a quoi ?,n. cantu (2022). besoin energetique du bitcoin par layer. surfin'bitcoin22,https://www.youtube.com/watch?v=8eUWm08OXsw, comment bitcoin change societe,
8de5a65bbd73b0ac32e0abadd6da9bd1,energie,"3.  vertus economiques, sociales, environnementales du minage",shaun connell (2022). the bitcoin energy revolution. preston pysh,https://www.youtube.com/watch?v=OlLAmKzOTlU, comment bitcoin change societe,"mining, energy, miners, bitcoin, power, megawatt, generation, pysh, companies, renewables, demand, market, markets, preston, electricity, gas, prices, solar, grid, miner, price, capex, connell, cost, customers, batteries, company, ercot, gigawatts, hardware"
463acbc067e99ca4d93a196b094553ed,energie,4. d'une pierre deux coups : se chauffer en minant bitcoin,a. vinot (2021). miner du bitcoin grace a sa chaudiere? la solution sato. db,https://www.youtube.com/watch?v=XoRnwviMGvE, comment bitcoin change societe,"pas, une, fait, des, le, ce, ouais, être, entre, bien, dans, cartes, coup, carte, est, peut, qui, vous, avoir, contre, les, vraiment, fais, fois, votre, merci, parce, pourquoi, justement, bitcoin"
f561b30f8fb219d667c3ca4481c7e228,energie,4. d'une pierre deux coups : se chauffer en minant bitcoin,ajelex et blob (2023). attakai : le chauffage bitcoin diy ! db,https://www.youtube.com/watch?v=gKoh44UCSnE, comment bitcoin change societe,"une, pas, le, votre, extracteur, des, température, avoir, peut, pouvoir, ventilateurs, ce, chauffage, dans, dirais, fait, vous, les, miner, mineur, watts, être, 1400, bruit, chaleur, coup, décibels, installer, intéressant, merci"
64fe7f37a7ffcd12798aa932ce89324f,agriculture,"2.  preserver  le capital, travailler sur le temps long",c. mayfield (2023). animal-based skincare & regenerative agriculture. tftc,https://www.youtube.com/watch?v=QZb17i2zwM4&t=5807s, comment bitcoin change societe,"lard, skin, pigs, oils, fat, cows, farming, farm, meat, pastures, soil, sun, sunburn, bitcoin, carbon, oak, sunscreen, cosmetics, cream, grass, methane, pig, plants, topsoil, beef, cow, creams, deer, eat, environment"
1493b5349c8a56fa000327dc410f792f,science & recherche,2.  axes de reflexion pour regenerer la science,troy cross (2022). philosophy of science - off chain with jimmy song,https://www.youtube.com/watch?v=xzbw5qlzf68, comment bitcoin change societe,
ebc5569cda28f1fb161a06daf0c223be,science & recherche,2.  axes de reflexion pour regenerer la science,rupert sheldrake (2013). the science delusion - banned ted talk,https://www.youtube.com/watch?v=JKHUaNAxsTg, comment bitcoin change societe,"nature, science, constants, consciousness, constant, dogmas, evolutionary, light, speed, theory, universe, brain, brains, crystallise, crystals, delusion, educated, evolve, fluctuating, gaze, matter, metrology, regenerated, resonance, sciences, scientific, telepathy, thoughts, values, assumption"
54f53f3acc0be4cd28bb3ea252365ccf,science & recherche,2.  axes de reflexion pour regenerer la science,rupert sheldrake (2023). objectivity- an urgently needed new approach: sheldrake-vernon dialogue 77,https://www.youtube.com/watch?v=hgFp7kkvD7k, comment bitcoin change societe,"science, objectivity, scientists, scientific, subjective, scientist, study, nature, passive, rover, objective, papers, qualities, reductionism, sciences, breakthroughs, data, galileo, imaginations, innovation, journals, life, mechanistic, physical, projecting, projection, reductive, relevance, representation, research"
dbe57fcd481f3459cab2672bf2877834,education,ecroulement du syteme educatif,s. ammous (2022). post-secondary education - bitcoin fixes this,https://www.youtube.com/watch?v=MQT3ANAxq4g, comment bitcoin change societe,
a07aacf08800d3ad7a4e1720aca8bed7,nutrition & sante,examen critique des approches de sante et nutrition fiat,andy schoonever (2022). economics of health care. bitcoin fixes this,https://www.youtube.com/watch?v=42G42lKhs0Q, comment bitcoin change societe,"health, insurance, healthcare, bitcoin, pay, company, doctor, costs, incentive, profit, doctors, economics, gov, hospital, paying, bank, care, community, cost, incentives, premium, uninsured, account, bankrupt, deductible, financial, medicare, money, business, cash"
a2cb716ba5938e9fbd878b8092a31c7c,nutrition & sante,degradation des habitudes alimentaires,dr benjamin bikman (2022). why we get sick - saifedean ammous podcast,https://www.youtube.com/watch?v=UHANGHWqE7A&list=PL_nQ8kZARIe01xBNJTi2YujKSXCJQ_Sf4&index=28, comment bitcoin change societe,
57a9878d2a42aa0dbafed3241705829d,nutrition & sante,degradation des habitudes alimentaires,dr malcolm kendrick (2022). cholesterol con - the bitcoin standard podcast,https://www.youtube.com/watch?v=BjiEf_LvNRA&list=PL_nQ8kZARIe01xBNJTi2YujKSXCJQ_Sf4&index=19, comment bitcoin change societe,"cholesterol, disease, cardiovascular, ldl, arteries, statins, artery, risk, pharmaceutical, science, hypothesis, blood, clots, data, heart, scientific, endothelial, placebo, plaques, stress, atherosclerotic, bitcoin, drugs, fat, health, statin, clot, effects, fiat, medicine"
9ae88b422d40099b8c761e40c2c50679,nutrition & sante,retour aux fondamentaux - ne te fie pas : verifie !,dr cate shanahan (2022). deep nutrition. saifedean ammous podcast,https://www.youtube.com/watch?v=7_0nopuEN3k&list=PL_nQ8kZARIe01xBNJTi2YujKSXCJQ_Sf4&index=47, comment bitcoin change societe,"nutrition, diet, fat, eating, eat, meat, oils, food, medical, doctors, healthy, vegetables, bypass, heart, fats, health, saturated, economics, statistics, bitcoin, doctor, acids, book, carnivore, fatty, money, nature, protein, teeth, cooking"
73cf08990a8df43cf291f18fa582b66b,nutrition & sante,retour aux fondamentaux - ne te fie pas : verifie !,dr benjamin bikman (2022). why we get sick. saifedean ammous podcast,https://www.youtube.com/watch?v=UHANGHWqE7A&list=PL_nQ8kZARIe01xBNJTi2YujKSXCJQ_Sf4&index=28, comment bitcoin change societe,
97039d914fa28f4d3036ade2e43b4e06,nutrition & sante,retour aux fondamentaux - ne te fie pas : verifie !,r. negri (2022). treating depression w/ psychedelics & btc. rapid-fire,https://www.youtube.com/watch?v=jvYq0qVmY-M, comment bitcoin change societe,"bitcoin, drugs, drug, doctors, experiences, money, experience, noise, trauma, truth, twitter, utopia, brain, humility, mushrooms, pharmaceutical, addiction, behavior, doctor, world, change, companies, consciousness, ethic, knowledge, liberating, pathways, perspective, philosophical, psilocybin"
0419bce45b6109045184ac2c29fbc86e,nutrition & sante,retour aux fondamentaux - ne te fie pas : verifie !,"jordan peterson (2022). on rules for life, psychedelics, the bible, and much more - the tim ferris show",https://www.youtube.com/watch?v=C1sEHNw4UIg, comment bitcoin change societe,"religious, book, books, life, openness, psilocybin, resentment, alberta, bible, conservative, hallucinogens, lectures, partner, relationship, suffering, value, alcohol, anger, anxiety, biblical, cain, chaos, clinical, competence, dangerous, domain, drugs, experience, huxley, ndp"
aa59a4d9a363799f5e5c67b5b426ce40,droits & libertes,bitcoin : une chance pour les droits de l'homme,alex gladstein (2022). financial privilege. bitcoin fixes this #88,https://www.youtube.com/watch?v=NFZlWLQY8TU, comment bitcoin change societe,"bitcoin, financial, book, currency, fiat, freedom, israel, rights, crypto, imperialism, israeli, monetary, palestine, palestinian, treasury, corporations, governments, cryptocurrency, dollar, economic, economy, gold, government, palestinians, privilege, yuan, chapter, china, community, countries"
aa3f6193a508e5218cf0ed58666a77ea,droits & libertes,vie privee,janine roem (2023). freedom money. bitcoin magazine studios,https://www.youtube.com/watch?v=xTfY5TjuN2A, comment bitcoin change societe,"privacy, freedom, public, technology, cash, education, harm, kids, phone, smartphone, internet, parents, smartphones, social, bank, bitcoin, financial, wear, child, children, countries, credit, crime, evidence, famous, independent, journalism, private, protect, surveillance"
3108ca42e48486b8d2da23792347caa5,politique,bitcoin : aspiration et positionnement  politique,faune radio (2023). aux origines politiques de bitcoin : autrichiens et cypherpunks dans bitcoin politiquement,https://www.youtube.com/watch?v=D4ObwhTsAko&t=227s, comment bitcoin change societe,
5fc567a8e366a2f35bf159cdca8b0933,politique,bitcoin : aspiration et positionnement  politique,faune radio (2023). le positionnement politique de bitcoin dans bitcoin politiquement,https://www.youtube.com/watch?v=D4ObwhTsAko&t=1203s, comment bitcoin change societe,
e325d6c3d2eff1903c6830a9fcc10de4,politique,"bitcoin : securite  violence, et guerre",jason lowery (2022). is bitcoin violence? tftc,https://www.youtube.com/watch?v=ZLj7xn47qOg, comment bitcoin change societe,"bitcoin, power, war, security, warfare, secure, software, energy, money, ledger, monetary, munitions, agrarian, amendment, hash, nuclear, technology, governments, watts, attack, belief, computer, disputes, government, transaction, cyber, mining, value, decentralized, military"
f523d12988009a7a854da8ecf82b50ab,politique,"bitcoin : securite  violence, et guerre",jason lowery (2022). bitcoin and the power projection game. wim124,https://www.youtube.com/watch?v=wRxc7uUqAyE, comment bitcoin change societe,"energy, power, bitcoin, life, physics, bacteria, evolution, sapiens, cooperation, entropy, math, force, law, strategy, asteroid, brains, cortexes, nature, dinosaurs, economics, fiction, mammals, prefrontal, projection, resources, sun, war, weasel, animals, biological"
b7b225d5bbaedaa7183f75fd4d8911c7,politique,"bitcoin : securite  violence, et guerre",jason lowery (2022). pos vs pow. preston pysh podcast,https://www.youtube.com/watch?v=ikPnr23h7qg, comment bitcoin change societe,"power, stake, authority, bitcoin, pysh, security, ledger, abstract, secure, watts, physical, cyberspace, machines, costs, energy, computer, machine, protocol, animals, blockchain, centralized, hash, hierarchies, proof, property, software, twitter, validators, agrarian, computers"
f9e337e7f16366f753f2f776c9cb677a,integrite,1. bitcoin adresse le probleme de la confiance,gigi (2022). how was the trust problem solved in cryptography is not enough - baltic honeybadger 2022,https://www.youtube.com/watch?v=C7ynm0Zkwfk&t=1140s, comment bitcoin influ culture,"bitcoin, cryptography, integrity, crypto, trust, cryptographic, satoshi, data, wallet, knowledge, secrecy, words, coin, coins, duration, information, legitimacy, million, minutes, number, numbers, private, random, randomness, rice, scarcity, secure, security, signature, authorities"
62fd93df1bda59709879560de05add2c,integrite,1. bitcoin adresse le probleme de la confiance,"john vallis and bb (2021). first hand account of a 'bitcoin transformation (38""). bitcoin rapid fire",https://www.youtube.com/watch?v=wzngK-zgt7o&list=PL8GxRkxnvMl0SI_-85UNfxXRo8rQJqIHU&t=2280s, comment bitcoin influ culture,"bitcoin, things, culture, like, truth, confidence, feel, principles, behavior, feeling, life, pain, religious, twitter, uncomfortable, booze, courage, gesture, intelligence, jester, journey, just, knowledge, painful, powerful, questions, quote, relationship, security, value"
b6afe5bcbd39de95a7e649921f132cd3,integrite,1. bitcoin adresse le probleme de la confiance,"vallis, breedlove, cason, et americanhodl (2023). ""the function of 'truth' & trying to align with it"" in hodl hang #8: the banking crisis, $1m bitcoin bet, nostr, the future of politics & more",https://www.youtube.com/watch?v=jfvizZd3LUM&t=2110s, comment bitcoin influ culture,"bitcoin, truth, fiat, twitter, money, political, power, state, bitcoiners, rob, eric, peterson, sovereignty, crypto, deception, economic, information, law, lie, noster, violence, war, humanity, knowledge, libertarian, social, world, culture, evil, exciting"
643f139170eab8c803a816ca6830e4d9,responsabilite,1. le systeme fiat  decourage les comportements responsables,"j. b. peterson (2022). inflation penalizes prudence and, in doing so, destroys civilization in bitcoin as an incorruptible system of value. wim",https://www.youtube.com/watch?v=FQlA-I7PXf0&t=4419s, comment bitcoin influ culture,
c95561b93eff6b88e1f81e9e5ac9fcff,responsabilite,2. bitcoin recompense la  responsabilite et le  merite,"jordan b peterson (2022). inflation penalizes prudence and, in doing so, destroys civilization in bitcoin as an incorruptible system of value. wim",https://www.youtube.com/watch?v=FQlA-I7PXf0&t=4419s, comment bitcoin influ culture,
319768b7f4747bf64d1adde9a7a4c91f,arts,2. assisterons-nous a une renaissance de l'art sous un etalon-bitcoin?,"roger scruton (2017). the true, the good and the beautiful",https://www.youtube.com/watch?v=10PG8VZiZaQ, comment bitcoin influ culture,"art, aesthetic, gogh, painting, poetry, prayer, aesthetics, moral, pleasures, emotions, music, pleasure, religion, beauty, beethoven, evil, judgment, kinkade, religious, truth, verse, wilde, artist, artistic, artists, desire, dostoevsky, imagination, immoral, kitsch"
8c0ad57e0a5c5f80ef8a6d81545a9207,referentiel juste,absolutisme vs. relativisme,"vallis, breedlove, cason, et americanhodl (2023). ""bitcoin as the only 'true' signal in the world today"" in hodl hang #8: the banking crisis, $1m bitcoin bet, nostr, the future of politics & more",https://www.youtube.com/watch?v=jfvizZd3LUM&t=1225s, comment bitcoin influ culture,
a261a790818242bcf11151ae87da1a12,referentiel juste,absolutisme vs. relativisme,"gigi (2022). truth, not authority creates legitimacy in cryptography is not enough - baltic hb 2022",https://www.youtube.com/watch?v=C7ynm0Zkwfk&t=1140s, comment bitcoin influ culture,
23259776ec24d922c72ff725abb57ff0,utiliser un wallet/ porte-cles,6. solutions  multi-sig,"dormez tranquilles, vos bitcoins sont en securite avec le portefeuille liana. [tutoriel] adb",https://www.youtube.com/watch?v=JrG4WMVPZDQ, comment j'utilise bitcoin,"pas, une, coins, des, bien, transaction, ce, coup, le, ouais, votre, être, bloc, coin, ledger, wallet, dans, transactions, backup, cousin, autre, blocs, contre, descripteur, dépense, dépenser, mettre, vous, bitcoin, dépenses"
ea23a7c3e82d86dacd0cdbfd04deaa75,se chauffer en minant,applications domestiques et professionnelles,a. vinot (2021). miner du bitcoin grace a sa chaudiere? solution sato. db,https://www.youtube.com/watch?v=XoRnwviMGvE, comment j'utilise bitcoin,
38fcc883603011221ac3b45a3dd2e719,se chauffer en minant,applications domestiques et professionnelles,ajelex et blob (2023). attakai : le chauffage bitcoin diy ! db,https://www.youtube.com/watch?v=gKoh44UCSnE, comment j'utilise bitcoin,
31d66cc2ea1764baed03ade1b4e03d17,mon commerce et bitcoin,accepter bitcoin dans son commerce,lounes et rogzy (2022). tutoriel mise en place d'un ln-pos. db,https://www.youtube.com/watch?v=7-saQaNo9Vo, comment j'utilise bitcoin,"pas, une, fait, le, bien, coup, ce, musique, avoir, vous, ouais, être, télécharger, votre, dans, des, directement, peut, qui, code, connecté, euros, exactement, fais, sur, adresse, attendre, connecter, dessus, est"
f03fa2e56cd9e86c9a75f1754d5003bb,mon commerce et bitcoin,utiliser lnbits,lounes et rogzy (2022). tutoriel mise en place d'un ln-pos. db,https://www.youtube.com/watch?v=7-saQaNo9Vo, comment j'utilise bitcoin,
11f4516413cd36cd41af484769002dc7,systemes monetaires,1. bitcoin s'inscrit dans l'histoire et l'evolution de la monnaie,michael goldstein (2021). vers un ordre mondial nodal,https://btctouchpoint.com/fr/vers-un-ordre-mondial-nodal/, comment bitcoin change societe,"bitcoin, une, pas, monnaie, état, nœud, contrefaçon, contre, fiat, monétaire, également, être, inflation, technologie, économie, économique, bien, le, monétaires, pratiques, stockage, économiques, banques, bitcoins, bloc, monnaies, nœuds, transaction, transactions, transport"
86fe2d2ec9a217ca86187aa22d5ed2ac,systemes monetaires,1. bitcoin s'inscrit dans l'histoire et l'evolution de la monnaie,robert breedlove (2020). maitres et esclaves de l'argent.,https://europeanbitcoiners.com/maitres-et-esclaves-de-largent/, comment bitcoin change societe,"une, argent, bitcoin, esclaves, monnaie, inflation, logos, monnaies, contre, liberté, marché, monétaire, socialisme, esclave, fiduciaire, le, monétaires, économique, capitalisme, entre, histoire, pyramidaux, société, souveraineté, technologie, économiques, contrefaçon, dollar, dollars, enquête"
e39d7fcece3cb41802a93f5485afaeea,systemes monetaires,1. bitcoin s'inscrit dans l'histoire et l'evolution de la monnaie,jeff desjardin (2016). currency and the collapse of the roman empire,https://www.visualcapitalist.com/currency-and-the-collapse-of-the-roman-empire/, comment bitcoin change societe,
005cb511528b627498d8446013954545,systemes monetaires,1. bitcoin s'inscrit dans l'histoire et l'evolution de la monnaie,jean-pierre centi (2020). l'incessante quete d'un ordre monetaire libre,https://journaldeslibertes.fr/article/lincessante-quete-dun-ordre-monetaire-libre/, comment bitcoin change societe,"monnaie, monétaire, une, cryptomonnaies, monnaies, monétaires, économique, bitcoin, confiance, economic, bitcoins, monetary, économiques, banking, economics, technologie, currency, demande, décentralisée, economy, inflation, stabilité, émergence, évolution, entrepreneurs, fiat, histoire, innovation, marché, money"
716008d074378a4aa8d370fd54cd9819,cycles historiques,2. cycles d'endettement et business cycles,murray rothbard (1969). les depressions economiques : causes et remedes,https://btctouchpoint.com/fr/cycles-dendettement-et-business-cycles/#debt4, comment bitcoin change societe,"bitcoin, utilise, pratiques, économie, économiques, investisseur, économique, accueil, btc, dalio, milliardaire, mondial, pas, récession, société, ajouter, blog, business, ce, centrales, changer, culture, cycle, cycles, dépressions, dévaluent, econ201, en, envoyer, fait"
6d13b7afd99aee9c3570f007614dcf47,cycles historiques,2. cycles d'endettement et business cycles,theo mogenet (2022). les cycles economiques pour l'ecole autrichienne. decouvre bitcoin econ201,https://btctouchpoint.com/fr/cycles-dendettement-et-business-cycles/#debt5, comment bitcoin change societe,"bitcoin, utilise, pratiques, économie, économiques, investisseur, économique, accueil, btc, dalio, milliardaire, mondial, pas, récession, société, ajouter, blog, business, ce, centrales, changer, culture, cycle, cycles, dépressions, dévaluent, econ201, en, envoyer, fait"
a25f7aa5e45aa17686a942179c01966d,changement de paradigme,1. percees scientifique et technologique,bitcoin prequel (1): the legend of public keys in the 1970s,https://coinyuppie.com/bitcoin-prequel-1-the-legend-of-public-keys-in-the-1970s/, comment bitcoin change societe,
f30cfe0a416baf89decab37660787d9c,changement de paradigme,1. percees scientifique et technologique,bitcoin prequel (2): the origin of decentralization,https://coinyuppie.com/bitcoin-prequel-2-the-origin-of-decentralization/, comment bitcoin change societe,
00e416df8e3ca47ce33c6b0cc9415823,changement de paradigme,1. percees scientifique et technologique,bitcoin prequel (3): crypto wars in the 90s,https://coinyuppie.com/bitcoin-prequel-3-crypto-wars-in-the-90s/, comment bitcoin change societe,
f1e2957c851b1164ce86bd451a9d1d89,changement de paradigme,2. changement de paradigme,robert breedlove (2020). our most brilliant idea,https://breedlove22.medium.com/our-most-brilliant-idea-aced329f8941, comment bitcoin change societe,"capitalism, bitcoin, wealth, money, innovation, market, economic, gold, markets, banking, banks, civilization, ideation, inflation, bank, currency, economy, knowledge, capitalistic, communism, creation, ideas, socioeconomic, civilizations, communist, competition, economics, exchange, fiat, governments"
03a2574d2de2249d65e0a5cadff3c489,changement de paradigme,2. changement de paradigme,robert breedlove (2020). le chiffre zero et bitcoin,https://btctouchpoint.com/fr/le-chiffre-zero-et-bitcoin-1/, comment bitcoin change societe,"zéro, une, bitcoin, numération, mathématiques, le, chiffre, mathématique, nombres, numérique, qui, négatifs, pratiques, arabe, chiffres, existence, infini, investissement, méditation, utilise, vide, bien, bouddhisme, btc, capital, culture, fractale, fractions, nombre, nombreuses"
f00c5140d3c0f91e39f47ac619a7aa19,changement de paradigme,2. changement de paradigme,robert breedlove (2020). the number zero and bitcoin,https://breedlove22.medium.com/the-number-zero-and-bitcoin-4c193336db5b, comment bitcoin change societe,"bitcoin, zero, monetary, numeral, scarcity, numbers, economic, money, nothingness, digital, emptiness, infinity, numerals, ancient, gold, imaginary, inflation, number, scarce, universe, arithmetic, dependence, philosophy, vanishing, currency, infinite, math, mathematical, mathematician, mathematics"
cf8d134cb5a855a9a85a096405e87acc,changement de paradigme,2. changement de paradigme,thomas mang (2022). esquisse historionomique de bitcoin par analogie au protestantisme,https://bitcoin.fr/esquisse-historionomique-bitcoin-par-analogie-au-protestantisme/, comment bitcoin change societe,"bitcoin, une, crypto, pas, protestantisme, entre, mars, technologie, novembre, protestante, anarchiste, btc, contre, euro, le, liberté, luther, réforme, technologies, économiques, 1562, 1563, 2013, 2018, 2020, 2022, 2037, bitcoiners, bitcoins, ce"
b478478f4d6c37cca0faac05aa1d973a,bitcoin core - vue d'ensemble,1. origines - la prehistoire de bitcoin,bitcoin prequel (1): the legend of public keys in the 1970s,https://coinyuppie.com/bitcoin-prequel-1-the-legend-of-public-keys-in-the-1970s/, comment bitcoin change societe,
ca90cfc84424351417f2c51de09c7964,bitcoin core - vue d'ensemble,1. origines - la prehistoire de bitcoin,bitcoin prequel (2): the origin of decentralization,https://coinyuppie.com/bitcoin-prequel-2-the-origin-of-decentralization/, comment bitcoin change societe,
eeb1cec1738170066e0339f282d52d3e,bitcoin core - vue d'ensemble,1. origines - la prehistoire de bitcoin,bitcoin prequel (3): crypto wars in the 90s,https://coinyuppie.com/bitcoin-prequel-3-crypto-wars-in-the-90s/, comment bitcoin change societe,
f0726661bcf28ff50ba6607cb67ced42,bitcoin core - vue d'ensemble,3. apercu general du fonctionnement de bitcoin,"andreas antonopoulos (2015, trad. 2020). au coeur du bitcoin - programmer la blockchain ouverte - o'reilly",https://www.amazon.fr/coeur-Bitcoin-Programmer-Blockchain-collection-ebook/dp/B085TRD933/ref=sr_1_2?qid=1673011152&refinements=p_27%3AAndreas+Antonopoulos&s=digital-text&sr=1-2&text=Andreas+Antonopoulos, comment bitcoin change societe,
cd7b958460ed6568785edaef9610b123,reseau lightning,1.  fonctionnement du lightning network,lightning network builder's guide.,https://docs.lightning.engineering/, comment bitcoin change societe,"apis, assets, assetsaperturefaradaylappsguidesnext, assetstaproot, backups, channel, channelsthe, documentation, github, l402lightning, lappswe, listlightning, lnd, lndlook, loop, looploop, network, networkoverviewlast, networkoverviewpayment, networkpathfindinglightning, networkstart, poolpool, rminallightning, taproot, terminal"
ea4d6d91a6ed6a57411271282057e683,reseau lightning,2.  cas d'usage /applications lightning,meyers and farrington (2022). bitcoin is venice: scaling in layers,https://bitcoinmagazine.com/culture/bitcoin-is-venice-scaling-layers, comment bitcoin change societe,
95260afe78c704dbb72df124afb02968,energie,"1.  utiliser plus d'energie, est-ce un probleme ?",brandon quittem (2020). bitcoin is a pioneer species,https://brandonquittem.com/bitcoin-is-a-pioneer-species/, comment bitcoin change societe,
d6942b29b34f08a5dba19e12e254e580,energie,2.  minage de bitcoin : quelle utilisation d'energie ? comparee a quoi ?,m. khazzaka (2022). bitcoin: cryptopayments energy efficiency. valuechain,https://papers.ssrn.com/sol3/papers.cfm?abstract_id=4125499, comment bitcoin change societe,
45fcea034cd0bdb3e40ac502afba004c,energie,"3.  vertus economiques, sociales, environnementales du minage",nic carter (2022). comments on the white house report on the climate implications of crypto mining,https://medium.com/@nic__carter/comments-on-the-white-house-report-on-the-climate-implications-of-crypto-mining-8d65d30ec942, comment bitcoin change societe,"mining, miners, energy, emissions, electricity, ostp, renewables, renewable, crypto, bitcoin, consumption, estimates, vries, ercot, äôt, cited, data, estimate, industry, journal, oil, pow, asics, ban, blog, climate, cryptocurrencies, demand, digiconomist, infrastructure"
38b6ae0e0c20e85ba5268616418e675a,energie,"3.  vertus economiques, sociales, environnementales du minage",braiins (2022). bitcoin mining & the grid (part 1): generators. bitcoin mining insights,https://braiins.com/blog/bitcoin-mining-the-grid-generators, comment bitcoin change societe,"generators, mining, miners, generator, bitcoin, energy, grid, generation, ercot, frequency, pricing, demand, bid, cost, grids, miner, power, market, megawatt, solar, transmission, electric, farm, machines, markets, renewable, renewables, services, thermal, asic"
3fe4f24b5fe367a40caa3a4d036e7119,energie,"3.  vertus economiques, sociales, environnementales du minage","braiins (2022). bitcoin mining & the grid (part 2): transmission, curtailment, and behind-the-meter. bitcoin mining insights",https://braiins.com/blog/bitcoin-mining-electric-grid-transmission-curtailment-behind-the-meter, comment bitcoin change societe,"mining, miners, generator, transmission, grid, energy, curtailment, generators, meter, bitcoin, congestion, solar, pricing, revenue, wind, miner, ppa, electricity, ercot, generation, metering, megawatt, power, price, substations, cost, curtailed, infrastructure, markets, ppas"
c21e28afd261eb9175de30966751caf8,energie,"3.  vertus economiques, sociales, environnementales du minage",level39 (2022). comment le bitcoin peut liberer l'energie de l'ocean pour 1 milliard de personnes. bitcoin magazine,https://europeanbitcoiners.com/bitcoin-peut-liberer-lenergie-de-locean/, comment bitcoin change societe,"une, bitcoin, échelle, otec, en, océan, être, hawaï, océans, technologie, températures, électricité, oahu, peut, précipitations, température, aquaculture, bien, bitcoiners, entre, environnement, kilowattheure, pas, renouvelables, surface, tropicales, économiques, électrolyse, 2023, arsonval"
96944576bb87abff830b4af920bad74c,energie,4. d'une pierre deux coups : se chauffer en minant bitcoin,ajelex et blobonchain (2023). attakai ! le home-mining rendu possible et accessible! decouvre bitcoin,https://decouvrebitcoin.fr/attakai-presentation/, comment bitcoin change societe,"cookies, bitcoin, une, votre, cookie, pas, chaleur, dans, et, gdpr, hashrate, lectricit, plusieurs, cookielawinfo, couvrebitcoin, froid, les, logements, nakamoto, peut, radiateur, serveurs, vous, accepter, accueil, acteurs, ads, advertisement, aix, analytical"
2d44c6f75e9d5b55f610301a3ded7742,agriculture,"2.  preserver  le capital, travailler sur le temps long",a. farrington (2022). farming & capital. bitgenstein series part v,https://allenfarrington.medium.com/farming-and-capital-1e60c532643b, comment bitcoin change societe,"consumption, money, capital, economic, uncertainty, altcoins, bitcoin, bitgenstein, crypto, farmer, investment, market, nurturer, produce, risk, accumulate, agriculture, allenf32bitcoinfinancetechnologyeconomicsfarming, berry, billionaires, blackrock, blowup, borrow, bullish, capacity, capitalrwa, certainty, complexity, consume, consumed"
47b2c53e685580d4cf21ab336aafda84,environnement,2. des accusations  a l'oppose des realites !,brandon quittem (2020). bitcoin is a pioneer species,https://brandonquittem.com/bitcoin-is-a-pioneer-species/, comment bitcoin change societe,
af4ee6bc527ab0594051d8c0ac3ccf8c,science & recherche,1. problematiques de fond affectant la production de connaissances,derek thompson (2023). the consolidation-disruption index is alarming. the atlantic,https://www.theatlantic.com/newsletters/archive/2023/01/academia-research-scientific-papers-progress/672694/, comment bitcoin change societe,"researchers, science, papers, research, theory, disruption, authors, breakthroughs, economic, journals, knowledge, office, scientists, technology, abundance, academia, alarmingscience, atlantic, atlanticskip, buildingsdror, cd, citations, cite, competitive, consolidation, creativity, crisis, crisisjerusalem, crosswordthe, discovering"
bd7d06ba027981d27df4c44b65e346d3,desintermediation,1. se passer des  intermediaires,nick szabo (2001). trusted third parties are security holes,https://nakamotoinstitute.org/trusted-third-parties/, comment bitcoin change societe,"protocol, security, ttp, ttps, trust, trusted, protocols, costs, distributed, certificate, privacy, property, ssl, verisign, byzantine, design, secure, trustworthy, vulnerability, vulnerable, attestation, cost, organizations, pki, protect, proxies, reputation, servers, ssh, ations"
cc811238f036950638b7082640fef591,education,ecroulement du syteme educatif,korov ray (2022). why bitcoin could never have been invented in a  university. bitcoin magazine,https://bitcoinmagazine.com/culture/bitcoin-could-never-be-invented-in-a-university, comment bitcoin change societe,
db86cc6faeb213a1640ba7fabf67fad8,nutrition & sante,examen critique des approches de sante et nutrition fiat,"frederic leroy (2022). the science, politics, and economics of anti-meat discourse - death in the garden",https://open.spotify.com/episode/1yheXK7JMj0k33PHdUNPsp?si=pmB_c2sNTBORF5EFc38Ofg&nd=1, comment bitcoin change societe,"animal, meat, ancestral, biotechnology, cruelty, death, deathinthegarden, domestic, eating, economic, food, foods, frédéric, garden, livestock, malnutrition, nutriti, nutrition, nutritional, podcast, scientific, subscribing, substack"
e3d74469360a428a2b92c758d90ac21c,nutrition & sante,degradation des habitudes alimentaires,"dr anthony jay (2022). estrogeneration - - how estrogenics are making you fat, sick, and infertile. once bitten podcast #320",https://fountain.fm/episode/9Zzn96wkxdvBaRvIKqrh, comment bitcoin change societe,"estrogeneration, estrogenics, author, bitcoinreserve, bitten, bittenbitcoin, bittencoincorner, bittenrelai, bittensatsback, book, btcprague, btcpraguebitcoin, daniel, danielprince, discount, dr, febthanks, fountain, fountainget, guidepromotionsfountain, health, heatbit, infertile, jay, pleb, plebs, principles, soy, sunscreen, swanbitcoin"
97f3c7249ead149db4caf2077e97ff55,droits & libertes,bitcoin : une chance pour les droits de l'homme,collective of 21 human rights activists (2022). letter in support of responsible crypto policy. financial inclusion.tech,https://www.financialinclusion.tech/, comment bitcoin change societe,"bitcoin, crypto, cryptocurrencies, cryptocurrency, africa, currencies, monetary, stablecoins, protests, senatewashington, technologies, committee, currency, dollar, markets, representativeswashington, abroad, activists, aderinokunfeminist, afghanistan, aljazeera, anjan, argentina, banks, belarusians, bitc, boozmanranking, brownchairmansenate, coalition, colonial"
737cff065d96bd81237f9ea5f75316d3,droits & libertes,bitcoin : la monnaie liberte !,parker lewis (2020) - bitcoin is a rally cry,https://unchained.com/blog/bitcoin-is-a-rally-cry/, comment bitcoin change societe,"bitcoin, fed, financial, monetary, freedom, easing, credit, currency, funding, market, alamo, economic, travis, trillion, unchained, bank, banking, banks, capital, imbalances, independence, markets, million, mortgage, pandemic, savings, surrender, 1836, accelerant, accumulation"
4c168337f5d7937b42fac8e31bfbabd9,droits & libertes,bitcoin : la monnaie liberte !,beautyon (2018) - why america can't regulate bitcoin,https://archive.ph/yAOwZ#selection-1181.0-1181.34, comment bitcoin change societe,
49ece2ed9068d2317ce4f3ad813b7369,droits & libertes,"droits, libertes, et responsabilites !",alex gladstein (2022) - lutter contre le colonialisme monetaire avec un code source ouvert. european bitcoiner,https://europeanbitcoiners.com/lutter-contre-le-colonialisme-monetaire-avec-un-code-source-ouvert/, comment bitcoin change societe,"une, pas, fran, le, les, ßais, dans, est, franc, france, togo, contre, fois, bitcoin, cfa, fait, togolais, argent, farida, francs, monnaie, banques, ce, centrale, colonies, euros, exportations, inflation, jamais, peut"
37e9a9dc14973cbbdb777d2c3be6c178,droits & libertes,"droits, libertes, et responsabilites !",gigi (2022) - droits de propriete inalienables. european bitcoiner,https://europeanbitcoiners.com/droits-de-propriete-inalienables/, comment bitcoin change societe,"une, pas, bitcoin, être, le, liberté, votre, argent, cryptographie, droit, information, valeur, libertés, pourquoi, autre, des, règles, vous, biais, bitcoiners, bloc, contrôle, informations, mathématique, monnaie, nœuds, passé, utilisateurs, valeurs, amendement"
23a7a0b426d47ee7d3d147bb08d0ca5d,droits & libertes,"droits, libertes, et responsabilites !",robert breedlove (2020) - maitres et esclaves de l'argent. european bitcoiner,https://europeanbitcoiners.com/maitres-et-esclaves-de-largent/, comment bitcoin change societe,"une, argent, bitcoin, esclaves, monnaie, inflation, logos, monnaies, contre, liberté, marché, monétaire, socialisme, esclave, fiduciaire, le, monétaires, économique, capitalisme, entre, histoire, pyramidaux, société, souveraineté, technologie, économiques, contrefaçon, dollar, dollars, enquête"
9904299de7890f27690c41571bcbb275,droits & libertes,vie privee,david d. friedman (2005) - the case for privacy,https://nakamotoinstitute.org/the-case-for-privacy/, comment bitcoin change societe,"privacy, encryption, information, surveillance, technology, enforcement, government, phone, technologies, encrypted, protect, criminals, cyberspace, freedom, law, protected, public, restricting, cameras, conceal, data, email, messages, phones, police, private, restrictions, shield, software, access"
916f42d010960eeb6d525a2e4a6b0082,droits & libertes,vie privee,christopher allen (2016) - the path to self-sovereign identity,https://www.coindesk.com/markets/2016/04/27/the-path-to-self-sovereign-identity/, comment bitcoin change societe,"identity, sovereign, identities, self, crypto, coindesk, users, centralized, authority, consent, decentralized, openid, privacy, blockchain, cryptocurrency, digital, federated, individual, openai, worldcoin, authentication, autonomy, bitcoin, certificate, disclosed, disclosure, domain, entity, ethereum, facebook"
6eb1eae1134f748aaa67145ae0301d3e,politique,bitcoin : aspiration et positionnement  politique,anatomy of the state: a film based on the book by murray rothbard,https://www.anatomystatefilm.com/, comment bitcoin change societe,"book, film, page, pagedonateresources, state"
84602632fa5d8cf01b7fc41fe66c9384,politique,bitcoin : aspiration et positionnement  politique,"h-h hoppe (1990). banking, nation states, and intal. politics: a sociological reconstruction of the present economic order. nakamoto  institute",https://nakamotoinstitute.org/banking-nation-states-and-international-politics/, comment bitcoin change societe,"banking, economic, bank, banks, counterfeiting, monetary, currency, wealth, war, economy, fiat, redistribution, capitalism, currencies, exploitation, imperialism, interests, state, states, wars, dollar, commodity, liberalism, money, government, growth, imperialist, inflationary, marxist, monopolistic"
ea02ce6f84cee8d873c73458657044e2,politique,bitcoin : aspiration et positionnement  politique,buck o perley (2022). how satoshi nakamoto and bitcoin mirror the united states' founding principles. bitcoin magazine,https://bitcoinmagazine.com/culture/how-satoshi-mirrors-u-s-principles, comment bitcoin change societe,
2eb71af5f8e45607d295ec596480cd3f,politique,recueillant des soutiens au plus niveau  bitcoin s'enracine...,texas workgroup on blockchain matters (2022). a report to the members of the texas legislature.,https://www.smu.edu/Law/News-Events/2022/November/Texas-Workgroup-on-Blockchain-Matters, comment bitcoin change societe,
e85e866d9ed30de774da6fdd684d9c82,asphyxie culturelle fiat,"notre regime monetaire fiat nourrit colere, nihilisme et desespoir",allen farington (2021). bitcoin is halal. part xi of the bitgenstein serialization,https://allenfarrington.medium.com/bitcoin-is-halal-4a8f0560c3d0, comment bitcoin influ culture,"bitcoin, debt, finance, banking, economic, banks, bitgenstein, economics, financial, islamic, monetary, blockchain, economy, ethical, loan, market, wealth, 184cryptofemmethe, abul, allenf32bitcointechnologyfinanceeconomicsislam, altcoins, alternative, capital, capitalist, collateral, contracts, cooperation, creditor, crypto, debtor"
6094a833f140622e0d2e9cfa307b7d8e,racines cypherpunk,1. la culture de bitcoin est d'essence cypherpunk,tim may (1994). the cyphernomicon,https://bitcoinwords.github.io/the-cyphernomicon, comment bitcoin influ culture,"crypto, äù, encryption, cypherpunks, privacy, security, nsa, remailers, anonymous, cash, digital, pgp, cryptography, crypt, remailer, escrow, anarchy, encrypted, clipper, mail, anonymity, messages, ciphers, rsa, laws, pseudonyms, bank, secure, äôt, banks"
239a7e3b60a1735cebde6d288b8c5015,contre-culture,1. contre-culture,nic carter (2019). a most peaceful revolution.,https://medium.com/@nic__carter/a-most-peaceful-revolution-8b63b64c203e, comment bitcoin influ culture,"bitcoin, crypto, altcoins, bitcoiners, democratic, autonomic, autonomically, banking, billionaires, blackrock, bullish, bureaucracy, carterbitcoin, crypto17, entrenches, estate, hamas, health, healthy, inflation, iofollowmore, libertarians, market, millionaires, monetary, peaceful, political, politics, revolution, revolutionarieslibertarians"
404606d61b3cb4fc23f47d45672d0197,contre-culture,2. bitcoin maximalisme,"pete rizzo (2021).  bitcoin maximalism is dead, long live bitcoin maximalism. forbes",https://www.forbes.com/sites/peterizzo/2022/07/04/bitcoin-maximalism-is-dead-long-live-bitcoin-maximalism/?sh=1ebf6a8b182b, comment bitcoin influ culture,"bitcoin, crypto, maximalism, carter, maximalists, cryptocurrency, cryptocurrencies, blockchains, financial, ideology, investing, investors, maximalist, monetary, 2023, assets, bitcoiners, blockchain, business, casinos, cryptocurre, cryptos, decentralized, democratic, dollar, dorsey, economic, entrepreneurial, essay, estcoinbase"
f16c5805f86383f2de6ad08215cae030,contre-culture,2. bitcoin maximalisme,michael goldstein (2022).  the original toxic maximalist. the bitstein brief,https://bitstein.substack.com/p/mises-the-original-toxic-maximalist, comment bitcoin influ culture,"bitcoin, mises, bitcoiners, economic, monetary, socialism, exchange, capitalism, market, marketability, marketable, pèlerin, currency, economics, interventionism, maximalist, maximalistbitstein, socialist, benefits, bitcoiner, crypto, decentralization, decentralized, economist, economy, gold, goods, hülsmann, ideologies, liberalism"
4fb809bd12587cabb3aeedb61de8c7b8,responsabilite,2. bitcoin recompense la  responsabilite et le  merite,willem van den bergh (2021). the (ir)relevance of experts: top-down versus bottom-up information flow,https://medium.com/@willemvandenbergh_85885/the-ir-relevance-of-experts-top-down-versus-bottom-up-information-flow-428bd5005d88, comment bitcoin influ culture,"experts, bitcoin, expert, trust, systemic, information, authority, energy, internet, monetary, nuclear, technology, verifiability, verifiable, communities, scientific, twitter, wot, clock, culture, data, employer, healthy, money, regional, tradition, authorities, bible, btc, censors"
19115a893dc3c3937339dcfd56c26664,liberte,liberte  et souverainete individuelle,parker lewis (2020) - bitcoin is a rally cry,https://unchained.com/blog/bitcoin-is-a-rally-cry/, comment bitcoin influ culture,"bitcoin, fed, financial, monetary, freedom, easing, credit, currency, funding, market, alamo, economic, travis, trillion, unchained, bank, banking, banks, capital, imbalances, independence, markets, million, mortgage, pandemic, savings, surrender, 1836, accelerant, accumulation"
4204c973c791731799c15eae38f03d02,arts,2. assisterons-nous a une renaissance de l'art sous un etalon-bitcoin?,stephen chow (2023). chow art fund   and  account,https://chowartfund.wordpress.com/, comment bitcoin influ culture,"art, artists, patronage, arts, patron, artist, painter, painting, artistic, ezra, painters, paintings, talent, collection, collectors, money, artwork, beauty, chow, civilization, collector, culture, garber, gogh, institutions, marjorie, morgan, objects, paint, patrons"
627b9e945e0ac13830c81374af661f42,recablage / mise-a-jour,reconfigurer notre representation du monde,robert breedlove (2020). the number zero and bitcoin.,https://breedlove22.medium.com/the-number-zero-and-bitcoin-4c193336db5b, comment bitcoin me change,"bitcoin, zero, monetary, numeral, scarcity, numbers, economic, money, nothingness, digital, emptiness, infinity, numerals, ancient, gold, imaginary, inflation, number, scarce, universe, arithmetic, dependence, philosophy, vanishing, currency, infinite, math, mathematical, mathematician, mathematics"
2a558aa7c884e0bc653f1a8055c7e2e3,recablage / mise-a-jour,reconfigurer notre representation du monde,gigi (2019). bitcoin's eternal struggle - how bitcoin thrives on the edge between order and chaos,https://medium.com/the-bitcoin-times/bitcoins-eternal-struggle-2c197f1bafd8, comment bitcoin me change,"bitcoin, entropy, chaotic, randomness, blocks, mining, chain, chaos, coins, data, information, ledger, miners, probabilistic, bitcoins, bitcointimes, bits, block, compressible, consensus, crypto, cryptographic, cryptography, encrypted, encryption, energy, flipping, irreversibility, nonce, orderly"
45420b42e7b215e560185909109c4efd,couverture contre l'inflation,3. bitcoin pour conserver la valeur,"gigi (2023). bitcoins are not mined, they are issued over time",https://dergigi.com/2023/04/12/bitcoins-are-not-mined-they-are-issued-over-time/, comment j'utilise bitcoin,"bitcoin, energy, bitcoinâ, bitcoins, coins, bootstrapping, charts, cognition, decrease, dedication, distribute, financial, hashrate, ism, issuance, kilowatt, license, licensed, mined, miners, mining, nakamoto, networkâ, satoshi, sats, stacking, translations, useless, uses, v4v"
bfdc1d47d509196e7d6a3a69ab00d22a,couverture contre l'inflation,3. bitcoin pour conserver la valeur,jameson lopp (2022). securing bitcoin's scarcity: fighting fake bitcoin,https://blog.keys.casa/securing-bitcoins-scarcity/, comment j'utilise bitcoin,"bitcoin, btc, market, markets, exchanges, futures, casa, commodities, contracts, custody, forkcoins, inflation, iou, security, banking, crypto, demand, etf, ious, loans, scarcity, securing, tokens, traders, trading, value, wrapped, auditors, author, balance"
a726d096b65eca0f1454615c066344b9,utiliser un wallet/ porte-cles,6. solutions  multi-sig,jameson lopp (2020). bitcoin multisig hardware signing performance,https://blog.keys.casa/bitcoin-multisig-hardware-signing-performance/, comment j'utilise bitcoin,"multisig, psbt, coldcard, devices, hardware, ledger, transaction, performance, unsigned, wallet, casa, progress, wallets, bitbox01, bitbox02, bitcoin, electrum, ethereum, ledgers, security, signed, specter, transactions, trezor, 400000, architecture, bitbox, break, bridge, btc"
cd75d1c89c9c566a783bf8ed7d47ab45,utiliser un wallet/ porte-cles,6. solutions  multi-sig,armantheparman. single signature vs multisignature keys.,https://armantheparman.com/msigkeys/, comment j'utilise bitcoin,"wallet, key, bitcoin, seed, signature, keys, multisignature, offline, wallets, xpub, xpubs, regenerate, zerotrust, address, anxiety, bip32, bitcoi, bitcoiners, bitcoining, blockchain, bloggers, btc, com, computer, computers, decentralisation, donations, ed, electrum, exchanges"
4446dbc39738267d8ccb27f77d27aa01,faire tourner son noeud,contribuer activement au reseau,"node.guide: your node, your rules. bitcoiner.guide",https://bitcoiner.guide/node/, comment j'utilise bitcoin,"node, bitcoin, bitcoiner, core, nodes, android, blockchain, build, considerations, guide, olved, privacy, project, projects, start9, trusting, wallet, ðÿ"
8360ceaf016008a4a3381af0bd880d85,faire tourner son noeud,contribuer activement au reseau,winter hodler (2023). configuration de tor pour un noeud bitcoin core,https://agora256.com/configuration-tor-bitcoin-core/, comment j'utilise bitcoin,"tor, configuration, onion, bitcoin, commande, core, fichier, ipv4, ipv6, protocole, proxy, systemctl, transactions, une, active, adresse_de_confiance, anonymiser, bitcoind, commandes, confidentialit, connexions, controlport, debug, fois, ghost, hiddenservicedir, hiddenserviceport, hui, installer, journal"
b24ba96a84b7caa721dfaa93294c10a7,faire tourner son noeud,utiliser lightning sur son propre noeud,asi0 (2023). experiences sur les frais de routage du lightning network,https://asi0.substack.com/p/experiences-sur-les-frais-de-routage, comment j'utilise bitcoin,"pas, une, les, le, canaux, votre, maximum, sats, fait, htlc, canal, dans, sur, vous, asi0, autre, pairs, frais, liquidit, ln, max, nombreux, petits, quelques, temps, avoir, bien, cookies, darthcoin, est"
fe8638c3cd7bfd29bf8fc9ae196d2296,faire tourner son noeud,utiliser lightning sur son propre noeud,asi0 (2023). echanges sous-marin entre le reseau bitcoin et lightning,https://asi0.substack.com/p/echanges-sous-marin-entre-le-reseau, comment j'utilise bitcoin,"votre, une, ln, portefeuille, le, chain, dans, swap, canal, coinos, et, pas, portefeuilles, portfeuille, swaps, vous, bluewallet, cookies, en, fonctionnalit, loop, navigateur, ouvrir, submarine, tor, vos, avec, bien, bitcoin, blixt"
b5b4f40ac4cd472c533b3e13f8d9c67f,faire tourner son noeud,utiliser lightning sur son propre noeud,asi0 (2023). des banques privees sur le reseau lightning,https://asi0.substack.com/p/des-banques-privees-sur-le-reseau, comment j'utilise bitcoin,"votre, une, pas, vous, ln, dans, vos, canaux, banque, canal, le, des, entre, les, mobiles, et, liquidit, portefeuilles, linux, min, ou, portefeuille, pourquoi, routes, swaps, android, autre, commerciale, confiance, darthcoin"
14219d77cc015392a20da10be585a54a,se chauffer en minant,applications domestiques et professionnelles,ajelex et blobonchain (2023). attakai ! le home-mining rendu possible et accessible! db,https://decouvrebitcoin.fr/attakai-presentation/, comment j'utilise bitcoin,"cookies, bitcoin, une, votre, cookie, pas, chaleur, dans, et, gdpr, hashrate, lectricit, plusieurs, cookielawinfo, couvrebitcoin, froid, les, logements, nakamoto, peut, radiateur, serveurs, vous, accepter, accueil, acteurs, ads, advertisement, aix, analytical"
74d5a7973da9f5309d7882924e12d476,se chauffer en minant,applications domestiques et professionnelles,blobonchain & ajelex (2023). attakai : reemploie de s9 pour se chauffer. db,https://decouvrebitcoin.fr/thematique/attakai/, comment j'utilise bitcoin,"cookies, cookie, bitcoin, gdpr, browser, cookielawinfo, découvrebitcoin, 2023, accueil, ads, analytical, analytics, analyze, asic, attakaïce, attakaïpropriétaire, attakaïréinitialiser, bitcoins, blobonchain, bricolage, browsing, btc, cookieduréedescriptioncookielawinfo, decouvrebitcoin, enregistrer, essential, functional, histoire, indexes, légale"
65c2ab1ebc08e90f6b8cd7e636549fcc,mon commerce et bitcoin,utiliser lnbits,lnbits. free and open-source bitcoin point-of-sale,https://lnbits.github.io/lnpos/installer/, comment j'utilise bitcoin,"lnpos, config, lnbits, onchain, accounts, baud, binaries, bitcoin, community, developers, extension, extensions, file, flash, github, ln, lnurl, lnurlpos, mode, offline, server, telegram, text, upload"
251b20b73cf61cf63f6cba1ddb3fc6cf,travailler dans bitcoin,1. trouver un  bitcoin job !,buildonl2.com the community for bitcoin builders,https://www.buildonl2.com/, comment j'utilise bitcoin,"bitcoin, build, protocol, blockchain, blockstreamdiamaan, blockstreammarco, blockstreampriscille, blockstreamrusty, blockstreamscott, blockstreamshahana, buildersbool, checkproofofwork, communityjoin, conferencesget, engineer, explore, federated, federationscensorship, learn, learninglearn, liquid, marketsdevzorcln, miniscriptlangu, node, ommunity, peers, peerswapbalance, plugins, skillsshowcase, uint256"
1e34362c1b331dc13c5a5fbdf9c6336a,confidentialite,2.  coinjoin,mobile coinjoin with whirlpool on samourai wallet. bitcoiner.guide,https://bitcoiner.guide/mobilecoinjoin/, comment j'utilise bitcoin,"whirlpool, bitcoiner, doxxic, mix, mixed, mixing, mobile, utxos, utxoâ, wallet, 50m, cha, change, chat, coinjoin, coinjoining, fees, gui, guide, mempool, miner, pool, poolside, priority, qr, remixing, rss, servers, smelted, spend"
3974044f4239933bc4ac5e0e85a43ff6,confidentialite,2.  coinjoin,loic morel (2023). combien faut-il faire de remix sur whirlpool ?,https://www.pandul.fr/post/combien-faut-il-faire-de-remix-sur-whirlpool, comment j'utilise bitcoin,"votre, coinjoin, une, whirlpool, pièces, anonset, coinjoins, remix, score, 45, anonsets, ans, attendre, backward, bien, bitcoinprivacycoinjoinwhirlpoolavancésposts, bulles, cachée, cohérente, cycles, des, dessous, ei, fameux, futures, indicateur, indicateurs, investir, investissement, le"
4448461db0547e5aa35e542d35d73aa2,confidentialite,2.  coinjoin,"tom honzik (2023). utxos, addresses, and coinjoins: preserving privacy in a bitcoin economy. unchained capital",https://unchained.com/blog/bitcoin-utxo-privacy/, comment j'utilise bitcoin,"bitcoin, privacy, addresses, utxos, address, wallet, blockchain, coinjoin, coinjoins, transaction, utxo, identity, lightning, network, security, attack, dust, node, nodes, participants, publicly, recipient, sender, storing, wallets, activity, anonymity, anonymous, anonymously, attacks"
